{"data":{"allMarkdownRemark":{"edges":[{"node":{"fields":{"slug":"/blog/2018/08/13/frugaltest-load-distribution-across-region"},"frontmatter":{"title":"FrugalTesting - Load Distribution Across Regions","date":"2018-08-13T00:00:00.000Z","author":"frugaltesting.com","category":["Load Testing","Performance testing","Best Practices"],"image":{"childImageSharp":{"fluid":{"src":"/static/4206f6117748bde9f2a5d8b0f76577a0/18f3e/frugaltest-load-distribution-across-region.png"}}}}}}]}},"pageContext":{"isCreatedByStatefulCreatePages":false,"allAuthors":["none.com","touropia.com","FrugalTesting","frugaltesting.com","Vibhor.com"],"author":"frugaltesting.com","limit":6,"skip":0,"currentPage":1,"numPages":1}}