{"data":{"allMarkdownRemark":{"edges":[{"node":{"fields":{"slug":"/blog/2019/06/10/top-10-benefits-of-automation-testing"},"frontmatter":{"title":"Top 10 benefits of Automation Testing","date":"2019-06-10T00:00:00.000Z","author":"touropia.com","category":["Load Testing","Performance testing","Best Practices"],"description":"What are the benefits of automation testing?","image":{"childImageSharp":{"fluid":{"src":"/static/272742d8602601a5fdc8ae3ffe6f4f11/65498/top-10-automation-benefits.jpg"}}}}}},{"node":{"fields":{"slug":"/blog/2019/06/05/6-best-cross-browser-compatability-testing-tools-in-2019"},"frontmatter":{"title":"6 Best Cross Browser Compatibility Testing Tools","date":"2019-06-05T00:00:00.000Z","author":"touropia.com","category":["Load Testing","Performance testing","Best Practices"],"description":"What are the best cross browser compatibility testing tools? Here is a...","image":{"childImageSharp":{"fluid":{"src":"/static/01a647a4cdf14e710f592faec83f7a46/3e5a0/cross-browser-compatibility.png"}}}}}},{"node":{"fields":{"slug":"/blog/2019/06/03/top-5-android-UI-frameworks-for-automation-testing"},"frontmatter":{"title":"Top 5 Android UI Frameworks for Automation Testing","date":"2019-06-03T00:00:00.000Z","author":"touropia.com","category":["Load Testing","Performance testing","Best Practices","JMeter"],"description":"To exploit the greatest results from your software delivery, your automated tests...","image":{"childImageSharp":{"fluid":{"src":"/static/72d5fa99c922140006d19cfd010c207f/65498/top-5-android-UI-frameworks.jpg"}}}}}},{"node":{"fields":{"slug":"/blog/2018/10/24/regular-expression-extractor-in-jmeter"},"frontmatter":{"title":"Regular Expression Extractor in JMeter","date":"2018-10-24T00:00:00.000Z","author":"FrugalTesting","category":["JMeter","Load Testing","Best Practices","Performance Testing"],"description":"Learn how can you make your performance test scripts more dynamic with JMeter","image":{"childImageSharp":{"fluid":{"src":"/static/cb1ac71b810f669fce75fe8aaef7d3d6/39a3c/regular-expression-extractor-jmeter.png"}}}}}},{"node":{"fields":{"slug":"/blog/2018/09/12/start-your-first-free-load-test"},"frontmatter":{"title":"Start Your First FREE Load Test with FrugalTest","date":"2018-09-12T00:00:00.000Z","author":"touropia.com","category":["Load Testing","Performance testing","Best Practices"],"description":"FrugalTest - An easy to use performance testing platform...","image":{"childImageSharp":{"fluid":{"src":"/static/a351f77e9ac365c1da18c2f08d7d391e/b650d/start-your-first-free-load-test-with-frugaltest.jpg"}}}}}},{"node":{"fields":{"slug":"/blog/2018/09/09/guide-to-ip-spoofing-fo-load-testing-in-jmeter"},"frontmatter":{"title":"IP Spoofing For Load Testing in JMeter","date":"2018-09-09T00:00:00.000Z","author":"none.com","category":["Best practices","Load testing","JMeter"],"description":"Want to load your Application logs with multiple ips during the load test? Check it out now","image":{"childImageSharp":{"fluid":{"src":"/static/a731428161714ac2481422a62aa1cee8/65498/ip_spoofing.jpg"}}}}}}]}},"pageContext":{"isCreatedByStatefulCreatePages":false,"limit":6,"skip":6,"currentPage":2,"numPages":6}}