{"data":{"allMarkdownRemark":{"edges":[{"node":{"fields":{"slug":"/blog/2018/06/25/introduction-to-apache-jmeter-guide"},"frontmatter":{"title":"Introduction to Apache JMeter - A Quick guide","date":"2018-06-25T00:00:00.000Z","author":"Vibhor.com","category":["Load Testing","Performance testing","JMeter"],"image":{"childImageSharp":{"fluid":{"src":"/static/ff4de06c5b2b5153a891136df76856c4/b650d/introduction-to-apache-jmeter-aquick-guide.jpg"}}}}}},{"node":{"fields":{"slug":"/blog/2018/03/25/how-to-distribute-user-load-in-the-test-plan-in-jmeter"},"frontmatter":{"title":"JMeter - How To Distribute User Load In The Test Plan?","date":"2018-03-25T00:00:00.000Z","author":"Vibhor.com","category":["Load Testing","Performance testing","Best Practices","JMeter"],"image":{"childImageSharp":{"fluid":{"src":"/static/a8a308a90d3e65bcbd1fd6b8d05b5579/18f3e/jmeter-how-to-distribute-user-load-in-the-test-plan.png"}}}}}},{"node":{"fields":{"slug":"/blog/2018/02/19/how-to-use-selenium-ide-script-for-performance-testing-in-jmeter"},"frontmatter":{"title":"JMeter - How to use Selenium IDE script for performance testing?","date":"2018-02-19T00:00:00.000Z","author":"Vibhor.com","category":["JMeter","Performance testing","Best Practices","Selenium"],"image":{"childImageSharp":{"fluid":{"src":"/static/cb6b71def2dc6ba7a9f2ed52af226237/b650d/jmeter-how-to-use-selenium-ide-script-for-performance-testing.jpg"}}}}}},{"node":{"fields":{"slug":"/blog/2018/02/12/integration-of-jenkins-with-jmeter"},"frontmatter":{"title":"Integration of Jenkins with JMeter","date":"2018-02-12T00:00:00.000Z","author":"Vibhor.com","category":["Load Testing","Performance testing","Best Practices","JMeter"],"image":{"childImageSharp":{"fluid":{"src":"/static/b672433757a75d967a6ae961f3765d41/b650d/jenkins-jmeter.jpg"}}}}}},{"node":{"fields":{"slug":"/blog/2017/12/10/how-to-perform-distributed-load-testing-in-jmeter"},"frontmatter":{"title":"JMeter - How to perform Distributed Load Testing?","date":"2017-12-10T00:00:00.000Z","author":"Vibhor.com","category":["Load Testing","JMeter","Performance testing","Best Practices","Distributed testing"],"image":{"childImageSharp":{"fluid":{"src":"/static/56426bbea7588868b133e2b8806e863e/18f3e/jmeter-how-to-perform-distributed-load-testing.png"}}}}}},{"node":{"fields":{"slug":"/blog/2017/11/12/how-to-ensure-https-traffic-gets-recorded-from-mobile-application-using-proxy-in-jmeter"},"frontmatter":{"title":"JMeter - How to ensure HTTPS traffic gets recorded from mobile application through proxy?","date":"2017-11-12T00:00:00.000Z","author":"Vibhor.com","category":["Load Testing","Performance testing","Best Practices","JMeter"],"image":{"childImageSharp":{"fluid":{"src":"/static/6ba2ad43961ab26f34e4318397e73a1a/b650d/jmeter-how-to-ensur-https-traffic-gets-recorded-from-mobile-application-through-proxy.jpg"}}}}}}]}},"pageContext":{"isCreatedByStatefulCreatePages":false,"allCategories":["Load testing","Performance testing","JMeter","Guide","Best Practices","Load Testing","Performance Testing","Best practices","Selenium","Distributed testing"],"category":"JMeter","limit":6,"skip":6,"currentPage":2,"numPages":3}}