{"data":{"markdownRemark":{"html":"<p>If you’re looking for an island that has remained largely undeveloped, consider visiting Ilha Grande, which is located approximately 160 km (100 miles) from Rio de Janeiro. Over the years, this island has been used for some interesting purposes. It was once a leper colony, and for more than 90 years it was also a prison that housed some of Brazil’s worst criminals. But once the prison shut down in 1994, it started to attract tourists, who are drawn to this island by its beautiful beaches and amazing rain forests. And because Ilha Grande is a nature preserve, it is home to incredible wildlife, including monkeys, parrots, iguanas and capybaras.</p>\n<p>Image credits: <a href=\"https://www.touropia.com/islands-in-brazil/\">touropia.com</a></p>\n<p><a href=\"https://www.touropia.com/islands-in-brazil/\">Original content</a></p>","frontmatter":{"title":"Ilha Grande","date":"January 09, 2018","author":"touropia.com","category":["Rio de Janeiro","Sudeste"],"description":null,"image":{"childImageSharp":{"fluid":{"src":"/static/fd0e06f1df2df33bc4a1ba28c7b9ada4/65498/ilha_grande.jpg"}}}}}},"pageContext":{"isCreatedByStatefulCreatePages":false,"slug":"/blog/2018/01/09/ilha-grande","prev":{"node":{"fields":{"slug":"/blog/2018/01/10/fernando-de-noronha"},"frontmatter":{"title":"Fernando de Noronha","date":"2018-01-10T00:00:00.000Z","author":"touropia.com","category":["Pernanbuco","Nordeste","Favorite"],"featured":false,"image":{"childImageSharp":{"fluid":{"src":null}}}},"html":"<p>Plan ahead if you want to visit Fernando de Noronha, an archipelago of 21 islands and islets in the Atlantic Ocean. To protect these fragile islands, only 460 tourists are allowed to visit these unspoiled beauties per day. And you’ll definitely want to include Fernando de Noronha on your itinerary if you can. Conde Nast called this archipelago “possibly the most relaxing and most beautiful place” in the world. And the New York Times included Fernando de Noronha on its 2014 list of must-visit destinations. This high praise is well deserved. The waters around Fernando de Noronha are crystal clear and teeming with fish, dolphins and turtles, making them perfect for snorkeling and diving. You’ll also find plenty of lovely, deserted beaches, pretty coves and lovely waterfalls on these very special and very exclusive islands.</p>\n<p>Image credits: <a href=\"https://www.touropia.com/islands-in-brazil/\">touropia.com</a></p>\n<p><a href=\"https://www.touropia.com/islands-in-brazil/\">Original content</a></p>"}},"next":{"node":{"fields":{"slug":"/blog/2018/01/08/ilha-de-tinhare"},"frontmatter":{"title":"Ilha de Tinhare","date":"2018-01-08T00:00:00.000Z","author":"touropia.com","category":["São Paulo","Sudeste"],"featured":false,"image":{"childImageSharp":{"fluid":{"src":"/static/a870bb21735c54a9b6dcbfdac863c474/1b7a6/ilha_de_tinhare.jpg"}}}},"html":"<p>This beautiful island is probably best known for the village of Morro de Sao Paulo. This little village has no streets or cars, and boasts stunning little palm tree-fringed beaches that bear the easy-to-remember names of First, Second, Third and Fourth. Second Beach is the most popular with travelers and boasts numerous bars and restaurants. Ilha de Tinhare is also home to several other settlements, including Grapua, Gamboa and Galeao. If you decide to visit Ilha de Tinhare, you’ll find plenty to do. Its waters are clear and warm, perfect for swimming or snorkeling. Trekking about the island is also a popular activity. There is also a small neighboring island, Boipeba, that many travelers like to visit.</p>\n<p>Image credits: <a href=\"http://www.flickr.com/photos/106947105@N05\">flickr/prva2003</a></p>\n<p><a href=\"https://www.touropia.com/islands-in-brazil/\">Original content</a></p>"}}}}