{"data":{"allMarkdownRemark":{"edges":[{"node":{"fields":{"slug":"/blog/2017/11/26/best-sniffing-tools-for-jmeter-tester"},"frontmatter":{"title":"Best Sniffing Tools For JMeter Tester","date":"2017-11-26T00:00:00.000Z","author":"touropia.com","category":["Load Testing","Performance testing","Best Practices"],"description":"Here is an overview on tools which help the JMeter testers","image":{"childImageSharp":{"fluid":{"src":"/static/741022561722fcf4c16741f6a86952aa/18f3e/best-sniffing-tools-for-jmeter-tester.png"}}}}}},{"node":{"fields":{"slug":"/blog/2017/11/12/how-to-ensure-https-traffic-gets-recorded-from-mobile-application-using-proxy-in-jmeter"},"frontmatter":{"title":"JMeter - How to ensure HTTPS traffic gets recorded from mobile application through proxy?","date":"2017-11-12T00:00:00.000Z","author":"Vibhor.com","category":["Load Testing","Performance testing","Best Practices","JMeter"],"description":"Are you still facing the issue of traffic not being recorded?","image":{"childImageSharp":{"fluid":{"src":"/static/6ba2ad43961ab26f34e4318397e73a1a/b650d/jmeter-how-to-ensur-https-traffic-gets-recorded-from-mobile-application-through-proxy.jpg"}}}}}},{"node":{"fields":{"slug":"/blog/2017/10/24/how-to-get-child-samples-when-embedded-resource-is-checked-in-jmeter"},"frontmatter":{"title":"JMeter - How to get Child Samples when Embedded resource is checked?","date":"2017-10-24T00:00:00.000Z","author":"Vibhor.com","category":["Load Testing","Performance testing","Best Practices","JMeter"],"description":"Learn how to check the behaviour of the static /resources for each web page request","image":{"childImageSharp":{"fluid":{"src":"/static/cfdad36afbb90a6438ce3eef97a7a379/b650d/jmeter-how-to-get-child-samples-when-embedded-resource-is-checked.jpg"}}}}}},{"node":{"fields":{"slug":"/blog/2017/10/09/how-to-record-mobile-application-traffic-in-jmeter"},"frontmatter":{"title":"JMeter - How to record Mobile Application traffic?","date":"2017-10-09T00:00:00.000Z","author":"Vibhor.com","category":["Load Testing","Performance testing","JMeter"],"description":"A detailed guide on how to record mobile app traffic using JMeter.","image":{"childImageSharp":{"fluid":{"src":"/static/6f5aacdf0adfbb64f210c10df2d1c079/b650d/jmeter-how-to-record-mobile-application-traffic.jpg"}}}}}},{"node":{"fields":{"slug":"/blog/2017/09/12/how-to-install-java-in-apache-jmeter"},"frontmatter":{"title":"How to Install Java for Apache JMeter","date":"2017-09-12T00:00:00.000Z","author":"Vibhor.com","category":["Load Testing","Performance testing","Best Practices"],"description":"Know how to get started with Apache JMeter Performance testing tool","image":{"childImageSharp":{"fluid":{"src":"/static/4b089692ed5814729d10ae2861bd75f4/de58c/jmeter-java-install.png"}}}}}},{"node":{"fields":{"slug":"/blog/2017/09/12/three-stages-in-a-startup-journey-viewed-from-a-performance-testing-perspective"},"frontmatter":{"title":"The three stages in a startups journey viewed from a performance testing perspective","date":"2017-09-12T00:00:00.000Z","author":"Vibhor.com","category":["Load Testing","Performance testing"],"description":"Know how performance testing can play a big role ","image":{"childImageSharp":{"fluid":{"src":"/static/6c5abc062c969fb6cf43a7eb6f68d9d1/b650d/three-stages-in-a-startup-journey-viewed-from-a-performance-testing-perspective.jpg"}}}}}}]}},"pageContext":{"isCreatedByStatefulCreatePages":false,"limit":6,"skip":30,"currentPage":6,"numPages":7}}