{"data":{"markdownRemark":null},"pageContext":{"isCreatedByStatefulCreatePages":false,"slug":"/blog/2018/01/09/ilha-grande","prev":{"node":{"fields":{"slug":"/blog/2018/02/12/types_of_software_testing"},"frontmatter":{"title":"Types of software testing","date":"2018-02-12T00:00:00.000Z","author":"touropia.com","category":["Movable Type","Johannes Gutenberg"],"featured":false,"image":{"childImageSharp":{"fluid":{"src":"/static/e44069ecb39e7aad181e07fbf03a9f93/e574f/software_testing_types.png"}}}},"html":"<p>Software Testing has been the buzzword in the software industry for a\nlong time. Even after years of upgradation in the technological\nartillery, it still is on the go-to list of all testers. Software\ntesting is a broad term that encompasses various software testing types.\nSo what exactly amounts to Software Testing? Why is it required? What\nare different software testing types? Let's go ahead and explore the\nrealms of Software Testing.</p>\n<p><strong>WHAT IS SOFTWARE TESTING?</strong><br>\nSoftware testing is characterized as an action to check whether the\nreal outcomes coordinate the normal outcomes and to guarantee that the\nproduct framework is sans defect. It includes execution of a product\npart or framework segment to assess one or more properties of interest.</p>\n<p><strong>WHY IS SOFTWARE TESTING REQUIRED?</strong></p>\n<p>This is where Software Testing comes in to save the day. In today's\ndigital economy, software testing, prior to going live is of paramount\nimportance otherwise users experience a buggy product or service. Being\na QA professional, you are always expected to have a quality detector to\nensure quality is top-notch, therefore it is a must that you acquaint\nyourself to software testing types:</p>\n<p><strong>Functional Testing</strong> - To confirm that each capacity of the product\napplication carries on as indicated in the necessity archive. Testing\nevery one of the functionalities by giving fitting contribution to\nconfirm whether the real yield is coordinating the normal yield or not,\nthis comes under the umbrella of Functional Testing.<br>\n<br>\n<strong>Automation Testing</strong> - Automation testing is all about testing the\nproduct, utilizing a computerization instrument to discover the\nimperfections. In this procedure, executing the test contents and\ncreating the outcomes are performed naturally via mechanization tools. <br>\n<br>\n<strong>Agile Testing</strong> -Agile testing is a kind of testing that includes\nfollowing standards of nimble programming improvement technique. In this\ndexterous testing, testing is directed all through the lifecycle of the\nceaselessly developing venture as opposed to being limited to a specific\nstage. <br>\n<br>\n<strong>Security Testing</strong> - Security testing is a procedure to decide if the\nframework ensures information and keeps up usefulness as expected. <br>\n<br>\n<strong>Smoke Testing</strong> - Smoke Testing is done to ensure if the construct we\ngot from the advancement group is testable or not. It is additionally\ncalled as \"Day 0\" check. It is done at the \"manufacture level\". It\nencourages not to squander the testing time to just testing the entire\napplication when the key highlights don't work or the key bugs have not\nbeen fixed yet.<br>\n<br>\nTo know more about software testing types, <a href=\"https://www.softwaretestingmaterial.com/types-of-software-testing/\">click\nhere</a>.</p>"}},"next":{"node":{"fields":{"slug":"/blog/2018/01/08/ilha-de-tinhare"},"frontmatter":{"title":"Ilha de Tinhare","date":"2018-01-08T00:00:00.000Z","author":"touropia.com","category":["São Paulo","Sudeste"],"featured":false,"image":{"childImageSharp":{"fluid":{"src":"/static/a870bb21735c54a9b6dcbfdac863c474/1b7a6/ilha_de_tinhare.jpg"}}}},"html":"<p>This beautiful island is probably best known for the village of Morro de Sao Paulo. This little village has no streets or cars, and boasts stunning little palm tree-fringed beaches that bear the easy-to-remember names of First, Second, Third and Fourth. Second Beach is the most popular with travelers and boasts numerous bars and restaurants. Ilha de Tinhare is also home to several other settlements, including Grapua, Gamboa and Galeao. If you decide to visit Ilha de Tinhare, you’ll find plenty to do. Its waters are clear and warm, perfect for swimming or snorkeling. Trekking about the island is also a popular activity. There is also a small neighboring island, Boipeba, that many travelers like to visit.</p>\n<p>Image credits: <a href=\"http://www.flickr.com/photos/106947105@N05\">flickr/prva2003</a></p>\n<p><a href=\"https://www.touropia.com/islands-in-brazil/\">Original content</a></p>"}}}}