{"data":{"allMarkdownRemark":{"edges":[{"node":{"fields":{"slug":"/blog/2018/01/05/ilha-do-mel"},"frontmatter":{"title":"Ilha do Mel","date":"2018-01-05T00:00:00.000Z","author":"touropia.com","category":["Paraná","Sul"],"image":{"childImageSharp":{"fluid":{"src":"/static/c8ac167cebeb850fa9ab7f1dfc163b5d/65498/ilha_do_mel.jpg"}}}}}}]}},"pageContext":{"isCreatedByStatefulCreatePages":false,"allCategories":["Movable Type","Johannes Gutenberg","JMeter","Load Testing","Best Practices","Performance Testing","Pernanbuco","Nordeste","Favorite","Rio de Janeiro","Sudeste","São Paulo","Santa Catarina","Sul","Paraná","Pernambuco","Pará","Norte"],"category":"Paraná","limit":6,"skip":0,"currentPage":1,"numPages":1}}