{"data":{"allMarkdownRemark":{"edges":[{"node":{"fields":{"slug":"/blog/2018/01/10/fernando-de-noronha"},"frontmatter":{"title":"Fernando de Noronha","date":"2018-01-10T00:00:00.000Z","author":"touropia.com","category":["Pernanbuco","Nordeste","Favorite"],"image":{"childImageSharp":{"fluid":{"src":"/static/c58bf5525e0526d5a1ca646f0d28d1d6/65498/fernando_de_noronha.jpg"}}}}}}]}},"pageContext":{"isCreatedByStatefulCreatePages":false,"allCategories":["Movable Type","Johannes Gutenberg","JMeter","Load Testing","Best Practices","Performance Testing","Pernanbuco","Nordeste","Favorite","Rio de Janeiro","Sudeste","São Paulo","Santa Catarina","Sul","Paraná","Pernambuco","Pará","Norte"],"category":"Pernanbuco","limit":6,"skip":0,"currentPage":1,"numPages":1}}