{"data":{"allMarkdownRemark":{"edges":[{"node":{"fields":{"slug":"/blog/2017/08/11/jmeter-tips-and-tricks-to-make-the-script-more-reliable"},"frontmatter":{"title":"JMeter - Tips And Tricks To Make The Script More Reliable","date":"2017-08-11T00:00:00.000Z","author":"Vibhor.com","category":["Load Testing","Best Practices"],"description":"Here comes everything you need to know to make your JMeter test script more sensible","image":{"childImageSharp":{"fluid":{"src":"/static/7a55f5c13e060b6653f3d0e1d61c7e14/18f3e/jmeter-tips-and-tricks-to-make-the-script-more-reliable.png"}}}}}},{"node":{"fields":{"slug":"/blog/2017/08/11/webdriver-sampler-in-jmeter"},"frontmatter":{"title":"WebDriver Sampler in JMeter","date":"2017-08-11T00:00:00.000Z","author":"Vibhor.com","category":["Load Testing","Best Practices"],"description":"We usually use Apache JMeter for load testing and measure performance but the issue is that JMeter is not a real browser","image":{"childImageSharp":{"fluid":{"src":"/static/ee57172edd8926f3e84be97b7f97df52/01577/webdriver-sampler-in-jmeter.png"}}}}}},{"node":{"fields":{"slug":"/blog/2017/08/11/how-apm-helps-to-find-the-bottlenecks-in-your-application-while-doing-load-testing"},"frontmatter":{"title":"How APM helps to find the bottlenecks in Application on Load Testing","date":"2017-08-11T00:00:00.000Z","author":"touropia.com","category":["Load Testing","Performance testing"],"description":"To find how the system is behaving under certain load conditions, we need an APM...","image":{"childImageSharp":{"fluid":{"src":"/static/50d54832633080ded52e8e066f883029/71e10/how-apm-helps-to-find-the-bottlenecks-in-your-application-while-doing-load-testing.png"}}}}}}]}},"pageContext":{"isCreatedByStatefulCreatePages":false,"limit":6,"skip":36,"currentPage":7,"numPages":7}}