{"data":{"markdownRemark":{"html":"<p>This island offers a lot of variety in a relatively small space. On Ilha de Santa Catarina, you will find Florianopolis, the capital of the state of Santa Catarina. This city is known for its exciting nightlife and boasts a historic downtown area. Ilha de Santa Catarina is also home to many gorgeous beaches, including Joaquina Beach, a popular surfing hot spot. In addition to its beaches, Ilha de Santa Catarina also boasts beautiful Brazilian pine tree forests, lakes and dunes. This island, which is connected to the mainland by two suspensions bridges, is a favorite vacationing spot for tourists from other countries such as Argentina, Paraguay and Uruguay.</p>\n<p>Image credits: <a href=\"https://www.flickr.com/photos/55953988@N00\">flickr/Otavio Nogueira</a></p>\n<p><a href=\"https://www.touropia.com/islands-in-brazil/\">Original content</a></p>","frontmatter":{"title":"Florianópolis","date":"January 07, 2018","author":"touropia.com","category":["Santa Catarina","Sul","Favorite"],"description":null,"image":{"childImageSharp":{"fluid":{"src":"/static/9dd7f39ba86151cadd03a967c9253321/65498/ilha_de_santa_catarina.jpg"}}}}}},"pageContext":{"isCreatedByStatefulCreatePages":false,"slug":"/blog/2018/01/07/florianopolis","prev":{"node":{"fields":{"slug":"/blog/2018/01/08/ilha-de-tinhare"},"frontmatter":{"title":"Ilha de Tinhare","date":"2018-01-08T00:00:00.000Z","author":"touropia.com","category":["São Paulo","Sudeste"],"featured":false,"image":{"childImageSharp":{"fluid":{"src":"/static/a870bb21735c54a9b6dcbfdac863c474/1b7a6/ilha_de_tinhare.jpg"}}}},"html":"<p>This beautiful island is probably best known for the village of Morro de Sao Paulo. This little village has no streets or cars, and boasts stunning little palm tree-fringed beaches that bear the easy-to-remember names of First, Second, Third and Fourth. Second Beach is the most popular with travelers and boasts numerous bars and restaurants. Ilha de Tinhare is also home to several other settlements, including Grapua, Gamboa and Galeao. If you decide to visit Ilha de Tinhare, you’ll find plenty to do. Its waters are clear and warm, perfect for swimming or snorkeling. Trekking about the island is also a popular activity. There is also a small neighboring island, Boipeba, that many travelers like to visit.</p>\n<p>Image credits: <a href=\"http://www.flickr.com/photos/106947105@N05\">flickr/prva2003</a></p>\n<p><a href=\"https://www.touropia.com/islands-in-brazil/\">Original content</a></p>"}},"next":{"node":{"fields":{"slug":"/blog/2018/01/06/ilhabela"},"frontmatter":{"title":"Ilhabela","date":"2018-01-06T00:00:00.000Z","author":"touropia.com","category":["São Paulo","Sudeste"],"featured":false,"image":{"childImageSharp":{"fluid":{"src":"/static/a005b1825072c579dec581dd698e79de/65498/ilhabela.jpg"}}}},"html":"<p>Ilhabela is a group of islands located on the northern coast of Sao Paulo. Its name means beautiful island, and visitors to Ilhabela are quick to discover why. These Brazilian islands are blessed with lovely beaches and more than 360 waterfalls. And its thick tropical jungles are home to wild monkeys and about 300 species of birds, including toucans. Ilhabela, which is known as Brazil’s sailing capital, hosts the Rolex International Sailing Week each year — the largest sailing competition held in Latin America. Other watersports, including surfing and snorkeling, are also very popular on these islands.</p>\n<p>Image credits: <a href=\"https://www.touropia.com/islands-in-brazil/\">touropia.com</a></p>\n<p><a href=\"https://www.touropia.com/islands-in-brazil/\">Original content</a></p>"}}}}