{"data":{"allMarkdownRemark":{"edges":[{"node":{"fields":{"slug":"/blog/2018/06/25/introduction-to-apache-jmeter-guide"},"frontmatter":{"title":"Introduction to Apache JMeter - A Quick guide","date":"2018-06-25T00:00:00.000Z","author":"Vibhor.com","category":["Load Testing","Performance testing","JMeter"],"image":{"childImageSharp":{"fluid":{"src":"/static/ff4de06c5b2b5153a891136df76856c4/b650d/introduction-to-apache-jmeter-aquick-guide.jpg"}}}}}},{"node":{"fields":{"slug":"/blog/2018/05/14/what-is-har"},"frontmatter":{"title":"What is HAR?","date":"2018-05-14T00:00:00.000Z","author":"Vibhor.com","category":["Performance testing"],"image":{"childImageSharp":{"fluid":{"src":"/static/0863fb3f4d2569c9ea98b2eda0b32749/b650d/what-is-har.jpg"}}}}}},{"node":{"fields":{"slug":"/blog/2018/04/26/types-of-performance-testing"},"frontmatter":{"title":"Types of Performance Testing","date":"2018-04-26T00:00:00.000Z","author":"Vibhor.com","category":["Performance testing"],"image":{"childImageSharp":{"fluid":{"src":"/static/2960934889625087fab3f0669021ad63/b650d/types-of-performance-testing.jpg"}}}}}},{"node":{"fields":{"slug":"/blog/2018/04/14/how-website-speed-impacts-businesses"},"frontmatter":{"title":"How Website Speed Impacts Businesses?","date":"2018-04-14T00:00:00.000Z","author":"Vibhor.com","category":["Load Testing","Performance testing","Best Practices"],"image":{"childImageSharp":{"fluid":{"src":"/static/d2e8622c897e4df0d9f438d9e8c1c432/b650d/how-website-speed-impacts-businesses.jpg"}}}}}},{"node":{"fields":{"slug":"/blog/2018/03/25/how-to-distribute-user-load-in-the-test-plan-in-jmeter"},"frontmatter":{"title":"JMeter - How To Distribute User Load In The Test Plan?","date":"2018-03-25T00:00:00.000Z","author":"Vibhor.com","category":["Load Testing","Performance testing","Best Practices","JMeter"],"image":{"childImageSharp":{"fluid":{"src":"/static/a8a308a90d3e65bcbd1fd6b8d05b5579/18f3e/jmeter-how-to-distribute-user-load-in-the-test-plan.png"}}}}}},{"node":{"fields":{"slug":"/blog/2018/03/09/impact-of-heavy-user-load-on-your-application-performances"},"frontmatter":{"title":"Impact Of Heavy User Load On Your Applications Performance","date":"2018-03-09T00:00:00.000Z","author":"Vibhor.com","category":["Load Testing","Performance testing","Best Practices"],"image":{"childImageSharp":{"fluid":{"src":"/static/3a1443da63fe47d4114123f610393830/ae57a/impact-Of-heavy-user-load-on-your-application-performances.jpg"}}}}}}]}},"pageContext":{"isCreatedByStatefulCreatePages":false,"allAuthors":["none.com","touropia.com","FrugalTesting","frugaltesting.com","Vibhor.com"],"author":"Vibhor.com","limit":6,"skip":0,"currentPage":1,"numPages":3}}