{"data":{"allMarkdownRemark":{"edges":[{"node":{"fields":{"slug":"/blog/2018/01/02/ilha-do-marajo"},"frontmatter":{"title":"Ilha do Marajo","date":"2018-01-02T00:00:00.000Z","author":"touropia.com","category":["Pará","Norte"],"description":null,"image":{"childImageSharp":{"fluid":{"src":"/static/f53d241a4f6ac44e7eb0bbe21a59a6dd/65498/ilha_do_marajo.jpg"}}}}}},{"node":{"fields":{"slug":"/blog/2018/01/01/ilha-do-cardoso"},"frontmatter":{"title":"Ilha do Cardoso","date":"2018-01-01T00:00:00.000Z","author":"touropia.com","category":["São Paulo","Sudeste"],"description":null,"image":{"childImageSharp":{"fluid":{"src":"/static/1245e25cdf59810644d0f530a14a9b62/65498/ilha_do_cardoso.jpg"}}}}}}]}},"pageContext":{"isCreatedByStatefulCreatePages":false,"limit":6,"skip":12,"currentPage":3,"numPages":3}}