{"app":["/app-498b237224e8ddf6a60c.js"],"component---src-layouts-blog-list-js":["/component---src-layouts-blog-list-js-d35e3ae9fb357a567df4.js"],"component---src-layouts-blog-post-js":["/component---src-layouts-blog-post-js-fdadf0b5b505082f5e92.js"],"component---src-layouts-blog-category-js":["/component---src-layouts-blog-category-js-3e58ddc191a613a0cc86.js"],"component---src-layouts-blog-author-js":["/component---src-layouts-blog-author-js-8d0dda39567454ec335d.js"],"component---src-pages-404-js":["/component---src-pages-404-js-e700243cda63a3481d9f.js"],"component---src-pages-index-js":["/component---src-pages-index-js-4a5733cd302ac92adf2f.js"],"pages-manifest":["/pages-manifest-e705fb10ad2867a8316a.js"]}