{"errors":[],"warnings":[],"namedChunkGroups":{"app":{"chunks":[11,3],"assets":["webpack-runtime-a30e8ea0de73e18cf018.js","webpack-runtime-a30e8ea0de73e18cf018.js.map","app-498b237224e8ddf6a60c.js","app-498b237224e8ddf6a60c.js.map"],"children":{},"childAssets":{}},"component---src-layouts-blog-list-js":{"chunks":[0,1,2,6],"assets":["styles.eb50dc41ebe66d864a58.css","styles-bcd115af734af978bfd2.js","styles-bcd115af734af978bfd2.js.map","1-4983601063d2d5a48719.js","1-4983601063d2d5a48719.js.map","2-c45259a5271cb792cbc0.js","2-c45259a5271cb792cbc0.js.map","component---src-layouts-blog-list-js-d35e3ae9fb357a567df4.js","component---src-layouts-blog-list-js-d35e3ae9fb357a567df4.js.map"],"children":{},"childAssets":{}},"component---src-layouts-blog-post-js":{"chunks":[0,1,12,7],"assets":["styles.eb50dc41ebe66d864a58.css","styles-bcd115af734af978bfd2.js","styles-bcd115af734af978bfd2.js.map","1-4983601063d2d5a48719.js","1-4983601063d2d5a48719.js.map","12-3a8abdc644b2561b76ae.js","12-3a8abdc644b2561b76ae.js.map","component---src-layouts-blog-post-js-fdadf0b5b505082f5e92.js","component---src-layouts-blog-post-js-fdadf0b5b505082f5e92.js.map"],"children":{},"childAssets":{}},"component---src-layouts-blog-category-js":{"chunks":[0,1,2,5],"assets":["styles.eb50dc41ebe66d864a58.css","styles-bcd115af734af978bfd2.js","styles-bcd115af734af978bfd2.js.map","1-4983601063d2d5a48719.js","1-4983601063d2d5a48719.js.map","2-c45259a5271cb792cbc0.js","2-c45259a5271cb792cbc0.js.map","component---src-layouts-blog-category-js-3e58ddc191a613a0cc86.js","component---src-layouts-blog-category-js-3e58ddc191a613a0cc86.js.map"],"children":{},"childAssets":{}},"component---src-layouts-blog-author-js":{"chunks":[0,1,2,4],"assets":["styles.eb50dc41ebe66d864a58.css","styles-bcd115af734af978bfd2.js","styles-bcd115af734af978bfd2.js.map","1-4983601063d2d5a48719.js","1-4983601063d2d5a48719.js.map","2-c45259a5271cb792cbc0.js","2-c45259a5271cb792cbc0.js.map","component---src-layouts-blog-author-js-8d0dda39567454ec335d.js","component---src-layouts-blog-author-js-8d0dda39567454ec335d.js.map"],"children":{},"childAssets":{}},"component---src-pages-404-js":{"chunks":[1,8],"assets":["1-4983601063d2d5a48719.js","1-4983601063d2d5a48719.js.map","component---src-pages-404-js-e700243cda63a3481d9f.js","component---src-pages-404-js-e700243cda63a3481d9f.js.map"],"children":{},"childAssets":{}},"component---src-pages-index-js":{"chunks":[0,9],"assets":["styles.eb50dc41ebe66d864a58.css","styles-bcd115af734af978bfd2.js","styles-bcd115af734af978bfd2.js.map","component---src-pages-index-js-4a5733cd302ac92adf2f.js","component---src-pages-index-js-4a5733cd302ac92adf2f.js.map"],"children":{},"childAssets":{}},"pages-manifest":{"chunks":[10],"assets":["pages-manifest-e705fb10ad2867a8316a.js","pages-manifest-e705fb10ad2867a8316a.js.map"],"children":{},"childAssets":{}}},"assetsByChunkName":{"app":["webpack-runtime-a30e8ea0de73e18cf018.js","app-498b237224e8ddf6a60c.js"],"component---src-layouts-blog-list-js":["styles.eb50dc41ebe66d864a58.css","styles-bcd115af734af978bfd2.js","1-4983601063d2d5a48719.js","2-c45259a5271cb792cbc0.js","component---src-layouts-blog-list-js-d35e3ae9fb357a567df4.js"],"component---src-layouts-blog-post-js":["styles.eb50dc41ebe66d864a58.css","styles-bcd115af734af978bfd2.js","1-4983601063d2d5a48719.js","12-3a8abdc644b2561b76ae.js","component---src-layouts-blog-post-js-fdadf0b5b505082f5e92.js"],"component---src-layouts-blog-category-js":["styles.eb50dc41ebe66d864a58.css","styles-bcd115af734af978bfd2.js","1-4983601063d2d5a48719.js","2-c45259a5271cb792cbc0.js","component---src-layouts-blog-category-js-3e58ddc191a613a0cc86.js"],"component---src-layouts-blog-author-js":["styles.eb50dc41ebe66d864a58.css","styles-bcd115af734af978bfd2.js","1-4983601063d2d5a48719.js","2-c45259a5271cb792cbc0.js","component---src-layouts-blog-author-js-8d0dda39567454ec335d.js"],"component---src-pages-404-js":["1-4983601063d2d5a48719.js","component---src-pages-404-js-e700243cda63a3481d9f.js"],"component---src-pages-index-js":["styles.eb50dc41ebe66d864a58.css","styles-bcd115af734af978bfd2.js","component---src-pages-index-js-4a5733cd302ac92adf2f.js"],"pages-manifest":["pages-manifest-e705fb10ad2867a8316a.js"]}}