{"errors":[],"warnings":[],"namedChunkGroups":{"app":{"chunks":[11,3],"assets":["webpack-runtime-826902b25e305500deba.js","webpack-runtime-826902b25e305500deba.js.map","app-498b237224e8ddf6a60c.js","app-498b237224e8ddf6a60c.js.map"],"children":{},"childAssets":{}},"component---src-layouts-blog-list-js":{"chunks":[0,1,2,6],"assets":["styles.eb50dc41ebe66d864a58.css","styles-bcd115af734af978bfd2.js","styles-bcd115af734af978bfd2.js.map","1-4983601063d2d5a48719.js","1-4983601063d2d5a48719.js.map","2-99abbc6a15f4a1b9a903.js","2-99abbc6a15f4a1b9a903.js.map","component---src-layouts-blog-list-js-d35e3ae9fb357a567df4.js","component---src-layouts-blog-list-js-d35e3ae9fb357a567df4.js.map"],"children":{},"childAssets":{}},"component---src-layouts-blog-post-js":{"chunks":[0,1,12,7],"assets":["styles.eb50dc41ebe66d864a58.css","styles-bcd115af734af978bfd2.js","styles-bcd115af734af978bfd2.js.map","1-4983601063d2d5a48719.js","1-4983601063d2d5a48719.js.map","12-3a8abdc644b2561b76ae.js","12-3a8abdc644b2561b76ae.js.map","component---src-layouts-blog-post-js-e4342b7175cda9b112f8.js","component---src-layouts-blog-post-js-e4342b7175cda9b112f8.js.map"],"children":{},"childAssets":{}},"component---src-layouts-blog-category-js":{"chunks":[0,1,2,5],"assets":["styles.eb50dc41ebe66d864a58.css","styles-bcd115af734af978bfd2.js","styles-bcd115af734af978bfd2.js.map","1-4983601063d2d5a48719.js","1-4983601063d2d5a48719.js.map","2-99abbc6a15f4a1b9a903.js","2-99abbc6a15f4a1b9a903.js.map","component---src-layouts-blog-category-js-3e58ddc191a613a0cc86.js","component---src-layouts-blog-category-js-3e58ddc191a613a0cc86.js.map"],"children":{},"childAssets":{}},"component---src-layouts-blog-author-js":{"chunks":[0,1,2,4],"assets":["styles.eb50dc41ebe66d864a58.css","styles-bcd115af734af978bfd2.js","styles-bcd115af734af978bfd2.js.map","1-4983601063d2d5a48719.js","1-4983601063d2d5a48719.js.map","2-99abbc6a15f4a1b9a903.js","2-99abbc6a15f4a1b9a903.js.map","component---src-layouts-blog-author-js-8d0dda39567454ec335d.js","component---src-layouts-blog-author-js-8d0dda39567454ec335d.js.map"],"children":{},"childAssets":{}},"component---src-pages-404-js":{"chunks":[1,8],"assets":["1-4983601063d2d5a48719.js","1-4983601063d2d5a48719.js.map","component---src-pages-404-js-d487d116bf3b2a04388b.js","component---src-pages-404-js-d487d116bf3b2a04388b.js.map"],"children":{},"childAssets":{}},"component---src-pages-index-js":{"chunks":[0,9],"assets":["styles.eb50dc41ebe66d864a58.css","styles-bcd115af734af978bfd2.js","styles-bcd115af734af978bfd2.js.map","component---src-pages-index-js-4a5733cd302ac92adf2f.js","component---src-pages-index-js-4a5733cd302ac92adf2f.js.map"],"children":{},"childAssets":{}},"pages-manifest":{"chunks":[10],"assets":["pages-manifest-bf32b94abd284a921294.js","pages-manifest-bf32b94abd284a921294.js.map"],"children":{},"childAssets":{}}},"assetsByChunkName":{"app":["webpack-runtime-826902b25e305500deba.js","app-498b237224e8ddf6a60c.js"],"component---src-layouts-blog-list-js":["styles.eb50dc41ebe66d864a58.css","styles-bcd115af734af978bfd2.js","1-4983601063d2d5a48719.js","2-99abbc6a15f4a1b9a903.js","component---src-layouts-blog-list-js-d35e3ae9fb357a567df4.js"],"component---src-layouts-blog-post-js":["styles.eb50dc41ebe66d864a58.css","styles-bcd115af734af978bfd2.js","1-4983601063d2d5a48719.js","12-3a8abdc644b2561b76ae.js","component---src-layouts-blog-post-js-e4342b7175cda9b112f8.js"],"component---src-layouts-blog-category-js":["styles.eb50dc41ebe66d864a58.css","styles-bcd115af734af978bfd2.js","1-4983601063d2d5a48719.js","2-99abbc6a15f4a1b9a903.js","component---src-layouts-blog-category-js-3e58ddc191a613a0cc86.js"],"component---src-layouts-blog-author-js":["styles.eb50dc41ebe66d864a58.css","styles-bcd115af734af978bfd2.js","1-4983601063d2d5a48719.js","2-99abbc6a15f4a1b9a903.js","component---src-layouts-blog-author-js-8d0dda39567454ec335d.js"],"component---src-pages-404-js":["1-4983601063d2d5a48719.js","component---src-pages-404-js-d487d116bf3b2a04388b.js"],"component---src-pages-index-js":["styles.eb50dc41ebe66d864a58.css","styles-bcd115af734af978bfd2.js","component---src-pages-index-js-4a5733cd302ac92adf2f.js"],"pages-manifest":["pages-manifest-bf32b94abd284a921294.js"]}}