{"data":{"allMarkdownRemark":{"edges":[{"node":{"fields":{"slug":"/blog/2018/02/19/how-to-use-selenium-ide-script-for-performance-testing-in-jmeter"},"frontmatter":{"title":"JMeter - How to use Selenium IDE script for performance testing?","date":"2018-02-19T00:00:00.000Z","author":"Vibhor.com","category":["JMeter","Performance testing","Best Practices","Selenium"],"image":{"childImageSharp":{"fluid":{"src":"/static/cb6b71def2dc6ba7a9f2ed52af226237/b650d/jmeter-how-to-use-selenium-ide-script-for-performance-testing.jpg"}}}}}},{"node":{"fields":{"slug":"/blog/2018/02/12/integration-of-jenkins-with-jmeter"},"frontmatter":{"title":"Integration of Jenkins with JMeter","date":"2018-02-12T00:00:00.000Z","author":"Vibhor.com","category":["Load Testing","Performance testing","Best Practices","JMeter"],"image":{"childImageSharp":{"fluid":{"src":"/static/b672433757a75d967a6ae961f3765d41/b650d/jenkins-jmeter.jpg"}}}}}},{"node":{"fields":{"slug":"/blog/2018/01/22/what-makes-performance-testing-indispensable"},"frontmatter":{"title":"What Makes Performance Testing Indispensable?","date":"2018-01-22T00:00:00.000Z","author":"Vibhor.com","category":["Load Testing","Performance testing","Best Practices"],"image":{"childImageSharp":{"fluid":{"src":"/static/c516381dbc1f66d4a8f005ecbaf32245/b650d/what-makes-performance-testing-indispensable.jpg"}}}}}},{"node":{"fields":{"slug":"/blog/2017/12/10/how-to-perform-distributed-load-testing-in-jmeter"},"frontmatter":{"title":"JMeter - How to perform Distributed Load Testing?","date":"2017-12-10T00:00:00.000Z","author":"Vibhor.com","category":["Load Testing","JMeter","Performance testing","Best Practices","Distributed testing"],"image":{"childImageSharp":{"fluid":{"src":"/static/56426bbea7588868b133e2b8806e863e/18f3e/jmeter-how-to-perform-distributed-load-testing.png"}}}}}},{"node":{"fields":{"slug":"/blog/2017/11/12/how-to-ensure-https-traffic-gets-recorded-from-mobile-application-using-proxy-in-jmeter"},"frontmatter":{"title":"JMeter - How to ensure HTTPS traffic gets recorded from mobile application through proxy?","date":"2017-11-12T00:00:00.000Z","author":"Vibhor.com","category":["Load Testing","Performance testing","Best Practices","JMeter"],"image":{"childImageSharp":{"fluid":{"src":"/static/6ba2ad43961ab26f34e4318397e73a1a/b650d/jmeter-how-to-ensur-https-traffic-gets-recorded-from-mobile-application-through-proxy.jpg"}}}}}},{"node":{"fields":{"slug":"/blog/2017/10/24/how-to-get-child-samples-when-embedded-resource-is-checked-in-jmeter"},"frontmatter":{"title":"JMeter - How to get Child Samples when Embedded resource is checked?","date":"2017-10-24T00:00:00.000Z","author":"Vibhor.com","category":["Load Testing","Performance testing","Best Practices","JMeter"],"image":{"childImageSharp":{"fluid":{"src":"/static/cfdad36afbb90a6438ce3eef97a7a379/b650d/jmeter-how-to-get-child-samples-when-embedded-resource-is-checked.jpg"}}}}}}]}},"pageContext":{"isCreatedByStatefulCreatePages":false,"allAuthors":["none.com","touropia.com","FrugalTesting","frugaltesting.com","Vibhor.com"],"author":"Vibhor.com","limit":6,"skip":6,"currentPage":2,"numPages":3}}