{"data":{"allMarkdownRemark":{"edges":[{"node":{"fields":{"slug":"/blog/2018/01/09/ilha-grande"},"frontmatter":{"title":"Ilha Grande","date":"2018-01-09T00:00:00.000Z","author":"touropia.com","category":["Rio de Janeiro","Sudeste"],"image":{"childImageSharp":{"fluid":{"src":"/static/fd0e06f1df2df33bc4a1ba28c7b9ada4/65498/ilha_grande.jpg"}}}}}}]}},"pageContext":{"isCreatedByStatefulCreatePages":false,"allCategories":["Movable Type","Johannes Gutenberg","JMeter","Load Testing","Best Practices","Performance Testing","Pernanbuco","Nordeste","Favorite","Rio de Janeiro","Sudeste","São Paulo","Santa Catarina","Sul","Paraná","Pernambuco","Pará","Norte"],"category":"Rio de Janeiro","limit":6,"skip":0,"currentPage":1,"numPages":1}}