{"data":{"allMarkdownRemark":{"edges":[{"node":{"fields":{"slug":"/blog/2018/01/09/ilha-grande"},"frontmatter":{"title":"Ilha Grande","date":"2018-01-09T00:00:00.000Z","author":"touropia.com","category":["Rio de Janeiro","Sudeste"],"image":{"childImageSharp":{"fluid":{"src":"/static/fd0e06f1df2df33bc4a1ba28c7b9ada4/65498/ilha_grande.jpg"}}}}}},{"node":{"fields":{"slug":"/blog/2018/01/08/ilha-de-tinhare"},"frontmatter":{"title":"Ilha de Tinhare","date":"2018-01-08T00:00:00.000Z","author":"touropia.com","category":["São Paulo","Sudeste"],"image":{"childImageSharp":{"fluid":{"src":"/static/a870bb21735c54a9b6dcbfdac863c474/1b7a6/ilha_de_tinhare.jpg"}}}}}},{"node":{"fields":{"slug":"/blog/2018/01/06/ilhabela"},"frontmatter":{"title":"Ilhabela","date":"2018-01-06T00:00:00.000Z","author":"touropia.com","category":["São Paulo","Sudeste"],"image":{"childImageSharp":{"fluid":{"src":"/static/a005b1825072c579dec581dd698e79de/65498/ilhabela.jpg"}}}}}},{"node":{"fields":{"slug":"/blog/2018/01/01/ilha-do-cardoso"},"frontmatter":{"title":"Ilha do Cardoso","date":"2018-01-01T00:00:00.000Z","author":"touropia.com","category":["São Paulo","Sudeste"],"image":{"childImageSharp":{"fluid":{"src":"/static/1245e25cdf59810644d0f530a14a9b62/65498/ilha_do_cardoso.jpg"}}}}}}]}},"pageContext":{"isCreatedByStatefulCreatePages":false,"allCategories":["Movable Type","Johannes Gutenberg","JMeter","Load Testing","Best Practices","Performance Testing","Rio de Janeiro","Sudeste","São Paulo","Santa Catarina","Sul","Favorite","Paraná","Pernambuco","Nordeste","Pará","Norte"],"category":"Sudeste","limit":6,"skip":0,"currentPage":1,"numPages":1}}