{"data":{"allMarkdownRemark":{"edges":[{"node":{"fields":{"slug":"/blog/2018/08/13/frugaltest-load-distribution-across-region"},"frontmatter":{"title":"FrugalTesting - Load Distribution Across Regions","date":"2018-08-13T00:00:00.000Z","author":"frugaltesting.com","category":["Load Testing","Performance testing","Best Practices"],"description":"Find out how FrugalTest can assess your application's performance","image":{"childImageSharp":{"fluid":{"src":"/static/4206f6117748bde9f2a5d8b0f76577a0/18f3e/frugaltest-load-distribution-across-region.png"}}}}}},{"node":{"fields":{"slug":"/blog/2018/07/11/how-to-build-a-realistic-test-plan-in-jmeter"},"frontmatter":{"title":"JMeter - How to build a Realistic Test Plan?","date":"2018-07-11T00:00:00.000Z","author":"touropia.com","category":["Load Testing","Performance testing","Best Practices","JMeter"],"description":"Make your performance test scripts more realistic to achieve your performance goals. ","image":{"childImageSharp":{"fluid":{"src":"/static/21968fdc9a6467b57e519fc795f6bda9/b650d/jmeter-how-to-build-a-realistic-test-plan.jpg"}}}}}},{"node":{"fields":{"slug":"/blog/2018/06/25/how-to-handle-ssl-handshake-exception-in-jmeter"},"frontmatter":{"title":"JMeter - How to handle SSL Handshake Exception?","date":"2018-06-25T00:00:00.000Z","author":"touropia.com","category":["Load Testing","Performance testing","Best Practices","JMeter"],"description":"Know how to handle the handshake exception while executing your JMX test scripts.","image":{"childImageSharp":{"fluid":{"src":"/static/19a07ab30e7a313f4a3e1a70d345b4d3/b650d/jmeter-how-to-handle-ssl-handshake-exception.jpg"}}}}}},{"node":{"fields":{"slug":"/blog/2018/06/25/introduction-to-apache-jmeter-guide"},"frontmatter":{"title":"Introduction to Apache JMeter - A Quick guide","date":"2018-06-25T00:00:00.000Z","author":"Vibhor.com","category":["Load Testing","Performance testing","JMeter"],"description":"Introduction to Apache JMeter - A Quick guide","image":{"childImageSharp":{"fluid":{"src":"/static/ff4de06c5b2b5153a891136df76856c4/b650d/introduction-to-apache-jmeter-aquick-guide.jpg"}}}}}},{"node":{"fields":{"slug":"/blog/2018/05/23/types-of-software-testing"},"frontmatter":{"title":"Types of software testing","date":"2018-05-23T00:00:00.000Z","author":"touropia.com","category":["Guide","Performance testing"],"description":"Johannes Gensfleisch zur Laden zum Gutenberg (c. 1398 – 1468) was a German blacksmith, goldsmith, printer,","image":{"childImageSharp":{"fluid":{"src":"/static/e44069ecb39e7aad181e07fbf03a9f93/e574f/software_testing_types.png"}}}}}},{"node":{"fields":{"slug":"/blog/2018/05/14/what-is-har"},"frontmatter":{"title":"What is HAR?","date":"2018-05-14T00:00:00.000Z","author":"Vibhor.com","category":["Performance testing"],"description":"An over view of HAR(HTTP Archive format) and how it helps in providing additional...","image":{"childImageSharp":{"fluid":{"src":"/static/0863fb3f4d2569c9ea98b2eda0b32749/b650d/what-is-har.jpg"}}}}}}]}},"pageContext":{"isCreatedByStatefulCreatePages":false,"limit":6,"skip":12,"currentPage":3,"numPages":6}}