{"data":{"allMarkdownRemark":{"edges":[{"node":{"fields":{"slug":"/blog/2018/07/11/how-to-build-a-realistic-test-plan-in-jmeter"},"frontmatter":{"title":"JMeter - How to build a Realistic Test Plan?","date":"2018-07-11T00:00:00.000Z","author":"touropia.com","category":["Load Testing","Performance testing","Best Practices","JMeter"],"image":{"childImageSharp":{"fluid":{"src":"/static/21968fdc9a6467b57e519fc795f6bda9/b650d/jmeter-how-to-build-a-realistic-test-plan.jpg"}}}}}},{"node":{"fields":{"slug":"/blog/2018/06/25/how-to-handle-ssl-handshake-exception-in-jmeter"},"frontmatter":{"title":"JMeter - How to handle SSL Handshake Exception?","date":"2018-06-25T00:00:00.000Z","author":"touropia.com","category":["Load Testing","Performance testing","Best Practices","JMeter"],"image":{"childImageSharp":{"fluid":{"src":"/static/19a07ab30e7a313f4a3e1a70d345b4d3/b650d/jmeter-how-to-handle-ssl-handshake-exception.jpg"}}}}}},{"node":{"fields":{"slug":"/blog/2018/04/14/how-website-speed-impacts-businesses"},"frontmatter":{"title":"How Website Speed Impacts Businesses?","date":"2018-04-14T00:00:00.000Z","author":"Vibhor.com","category":["Load Testing","Performance testing","Best Practices"],"image":{"childImageSharp":{"fluid":{"src":"/static/d2e8622c897e4df0d9f438d9e8c1c432/b650d/how-website-speed-impacts-businesses.jpg"}}}}}},{"node":{"fields":{"slug":"/blog/2018/03/25/how-to-distribute-user-load-in-the-test-plan-in-jmeter"},"frontmatter":{"title":"JMeter - How To Distribute User Load In The Test Plan?","date":"2018-03-25T00:00:00.000Z","author":"Vibhor.com","category":["Load Testing","Performance testing","Best Practices","JMeter"],"image":{"childImageSharp":{"fluid":{"src":"/static/a8a308a90d3e65bcbd1fd6b8d05b5579/18f3e/jmeter-how-to-distribute-user-load-in-the-test-plan.png"}}}}}},{"node":{"fields":{"slug":"/blog/2018/03/09/impact-of-heavy-user-load-on-your-application-performances"},"frontmatter":{"title":"Impact Of Heavy User Load On Your Applications Performance","date":"2018-03-09T00:00:00.000Z","author":"Vibhor.com","category":["Load Testing","Performance testing","Best Practices"],"image":{"childImageSharp":{"fluid":{"src":"/static/3a1443da63fe47d4114123f610393830/ae57a/impact-Of-heavy-user-load-on-your-application-performances.jpg"}}}}}},{"node":{"fields":{"slug":"/blog/2018/02/19/how-to-use-selenium-ide-script-for-performance-testing-in-jmeter"},"frontmatter":{"title":"JMeter - How to use Selenium IDE script for performance testing?","date":"2018-02-19T00:00:00.000Z","author":"Vibhor.com","category":["JMeter","Performance testing","Best Practices","Selenium"],"image":{"childImageSharp":{"fluid":{"src":"/static/cb6b71def2dc6ba7a9f2ed52af226237/b650d/jmeter-how-to-use-selenium-ide-script-for-performance-testing.jpg"}}}}}}]}},"pageContext":{"isCreatedByStatefulCreatePages":false,"allCategories":["Load testing","Performance testing","JMeter","Guide","Best Practices","Load Testing","Performance Testing","Best practices","Selenium","Distributed testing"],"category":"Best Practices","limit":6,"skip":12,"currentPage":3,"numPages":5}}