{"data":{"markdownRemark":null},"pageContext":{"isCreatedByStatefulCreatePages":false,"slug":"/blog/2018/01/02/ilha-do-marajo","prev":{"node":{"fields":{"slug":"/blog/2018/01/03/ilha-do-campeche"},"frontmatter":{"title":"Ilha do Campeche","date":"2018-01-03T00:00:00.000Z","author":"touropia.com","category":["Santa Catarina","Sul"],"featured":false,"image":{"childImageSharp":{"fluid":{"src":"/static/75b450b8485ce0c78e605d1f858c720e/65498/ilha_do_campeche.jpg"}}}},"html":"<p>Ilha do Campeche, which is located on the east coast of Florianopolis, boasts stunning white sand beaches and its very clear water are perfect for snorkeling. But this is not just another beautiful island. It is also home to more than 100 ancient petroglyphs. If you are interested in seeing some of these archaeological treasures, you can take a guided tour to see them. To preserve this amazing island, the number of visitors allowed per day is limited. In addition, visitors are only given four hours to explore the small island. Ilha do Campeche is also closed to visitors during the winter months.</p>\n<p>Image credits: <a href=\"https://www.flickr.com/photos/soldon\">flickr/Rodrigo Soldon</a></p>\n<p><a href=\"https://www.touropia.com/islands-in-brazil/\">Original content</a></p>"}},"next":{"node":{"fields":{"slug":"/blog/2018/01/01/ilha-do-cardoso"},"frontmatter":{"title":"Ilha do Cardoso","date":"2018-01-01T00:00:00.000Z","author":"touropia.com","category":["São Paulo","Sudeste"],"featured":false,"image":{"childImageSharp":{"fluid":{"src":"/static/1245e25cdf59810644d0f530a14a9b62/65498/ilha_do_cardoso.jpg"}}}},"html":"<p>This mountainous island, which was made a state park in 1962, is located off of the southernmost point of the state of Sao Paulo. The waters around this island are teeming with many different species of whales, seals and dolphins. And if you’re lucky, you might even get a chance to swim with some wild dolphins. As for the island itself, Ilha do Cardoso is a great escape, especially if you’re a nature lover. This lovely island boasts a rugged coastline, pretty waterfalls, natural pools and forests. Like the waters surrounding it, this island is also teeming with life. Some of the creatures you might see here include monkeys, alligators, otters and parrots.</p>\n<p>Image credits: <a href=\"https://commons.wikimedia.org/wiki/File:Praia_da_Laje_-_Ilha_do_Cardoso_-_SP.jpg\">wikipedia/Yuri Cruvinel Ribeiro</a></p>\n<p><a href=\"https://www.touropia.com/islands-in-brazil/\">Original content</a></p>"}}}}