{"data":{"allMarkdownRemark":{"edges":[{"node":{"fields":{"slug":"/blog/2018/01/04/ilha-de-itamaraca"},"frontmatter":{"title":"Ilha do Itamaraca","date":"2018-01-04T00:00:00.000Z","author":"touropia.com","category":["Pernambuco","Nordeste"],"image":{"childImageSharp":{"fluid":{"src":"/static/431f9dece849b3aad4f94412caecc8bf/65498/ilha_de_itamaraca.jpg"}}}}}}]}},"pageContext":{"isCreatedByStatefulCreatePages":false,"allCategories":["Movable Type","Johannes Gutenberg","JMeter","Load Testing","Best Practices","Performance Testing","Pernanbuco","Nordeste","Favorite","Rio de Janeiro","Sudeste","São Paulo","Santa Catarina","Sul","Paraná","Pernambuco","Pará","Norte"],"category":"Pernambuco","limit":6,"skip":0,"currentPage":1,"numPages":1}}