{"data":{"allMarkdownRemark":{"edges":[{"node":{"fields":{"slug":"/blog/2017/09/12/how-to-install-java-in-apache-jmeter"},"frontmatter":{"title":"How to Install Java for Apache JMeter","date":"2017-09-12T00:00:00.000Z","author":"Vibhor.com","category":["Load Testing","Performance testing","Best Practices"],"image":{"childImageSharp":{"fluid":{"src":"/static/4b089692ed5814729d10ae2861bd75f4/de58c/jmeter-java-install.png"}}}}}},{"node":{"fields":{"slug":"/blog/2017/08/11/jmeter-tips-and-tricks-to-make-the-script-more-reliable"},"frontmatter":{"title":"JMeter - Tips And Tricks To Make The Script More Reliable","date":"2017-08-11T00:00:00.000Z","author":"Vibhor.com","category":["Load Testing","Best Practices"],"image":{"childImageSharp":{"fluid":{"src":"/static/7a55f5c13e060b6653f3d0e1d61c7e14/18f3e/jmeter-tips-and-tricks-to-make-the-script-more-reliable.png"}}}}}},{"node":{"fields":{"slug":"/blog/2017/08/11/webdriver-sampler-in-jmeter"},"frontmatter":{"title":"WebDriver Sampler in JMeter","date":"2017-08-11T00:00:00.000Z","author":"Vibhor.com","category":["Load Testing","Best Practices"],"image":{"childImageSharp":{"fluid":{"src":"/static/ee57172edd8926f3e84be97b7f97df52/01577/webdriver-sampler-in-jmeter.png"}}}}}}]}},"pageContext":{"isCreatedByStatefulCreatePages":false,"allCategories":["Load testing","Performance testing","JMeter","Guide","Best Practices","Load Testing","Performance Testing","Best practices","Selenium","Distributed testing"],"category":"Best Practices","limit":6,"skip":24,"currentPage":5,"numPages":5}}