{"data":{"markdownRemark":{"html":"<p><strong>Regular Expression Extractor</strong> uses regular expression string to fetch some values from response of one request and pass it on to another request. The value(s) which is extracted can be stored in any variable and can be used for reference in any further request in the test plan. Values can be extracted from Response Body, Response/Request Headers, URL, Response Code and Response Message of the <strong>request</strong> when you add this <strong>Post Processors</strong> to it.  </p>\n<p>Using of <strong>Regular Expression Extractor</strong> in a test plan, will save us a lot of time in creating or enhancing a test plan.  </p>\n<p><strong>Adding Regular Expression Extractor in a test plan:</strong><br>\nChoose a <strong>request</strong> in a Test Plan from which you want to extract the value and Right click the request and select <strong>Add >>Post Processors >>Regular Expression Extractor</strong> .</p>\n<img class=\"main-img img-responsive\" src=\"https://www.frugaltesting.com/resources/images/jmeter-regular-expression-extractor/post-processor.png\">\n<p><strong>Fields of Regular Expression Extractor:</strong></p>\n<ul>\n<li><strong>Reference Name:</strong> The name of the variable in which to store the extracted value.</li>\n<li><strong>Regular Expression:</strong> Expression for parse the response data and save it in the Variable as <strong>Reference Name</strong> .</li>\n<li><strong>Template:</strong> Used to create a string from the matches found. The syntax to refer to a group is:<br>\n-'$1$' to refer to group 1\n  -'$2$' to refer to group 2\n  -'$0$'refers to whatever the entire expression matches</li>\n<li><strong>Match No.:</strong> Can specify which value should be used from the character sequence.<br>\n-Zero indicates, to choose a match at random.<br>\n-A positive number N means to select the nth match from the sequence etc.</li>\n<li><strong>Default Value:</strong> If the regular expression does not match, then the reference variable will be set to the default value.</li>\n</ul>\n<img class=\"main-img img-responsive\" src=\"https://www.frugaltesting.com/resources/images/jmeter-regular-expression-extractor/regular-expression-extractor.png\" alt=\"Jmeter regular expression extractor\">\n<p><strong>Example:</strong> Below is the response data of the login request which we have and we need pass ID for the next or further requests in the Test Plan.<br>\nResponse data:<br>\n{\"ID\":37035,\"FirstName\":\"Tom\",\"LastName\":\"S\",\"UserName\":\"Tom\",\"EmployeeID\":\"EMP005150\",\"ProgramID\":\"311\",\"ProgramRoleID\":\"237\"}<br>\nBy adding Regular Expression Extractor post processor to the login request and fields of the post processor can be defined as:</p>\n<ul>\n<li><strong>Reference Name:</strong> userid</li>\n<li><strong>Regular Expression:</strong> \"ID\":(.*?),</li>\n<li><strong>Template:</strong> $1$</li>\n<li><strong>Match No.:</strong>1</li>\n</ul>\n<img class=\"main-img img-responsive\" src=\"https://www.frugaltesting.com/resources/images/jmeter-regular-expression-extractor/expressions.png\" alt=\"Jmeter regular expression extractor\">\n<p>The special characters used for regular expressions are:</p>\n<ul>\n<li>( ) - these enclose the portion of the match string to be returned</li>\n<li>[ ] - character classes</li>\n<li>{ } - repetition</li>\n<li>* + - repetition</li>\n<li>? - stop when first match succeeds</li>\n<li>. -’ wild-card character</li>\n<li>\\ - escape character</li>\n<li>| - alternatives</li>\n<li>^ $ - start and end of string or line</li>\n<li>[0-9] - Digit</li>\n<li>[^0-9] - Non-digit</li>\n<li>[0-9a-z_A-Z] - Word character</li>\n<li>[^0-9a-z_A-Z] - A non-word character</li>\n<li>[ \\t\\n\\r\\f] -’ A whitespace character</li>\n<li>[^ \\t\\n\\r\\f] - A non-whitespace character</li>\n</ul>\n<p><strong>RegExp Tester:</strong> We have RegExp Tester in View Result Tree to test regular expressions directly on sampler response data.</p>\n<img class=\"main-img img-responsive\" src=\"https://www.frugaltesting.com/resources/images/jmeter-regular-expression-extractor/regex-tester.png\">\n<p>This is all about the Regular Expression Extractor in JMeter and its usage. Read more blogs related to JMeter and various aspects of testing <a href=\"blog?page=1\">here</a>.</p>","frontmatter":{"title":"Regular Expression Extractor in JMeter","date":"October 24, 2018","author":"FrugalTesting","category":["JMeter","Load Testing","Best Practices","Performance Testing"],"description":"Learn how can you make your performance test scripts more dynamic with JMeter","image":{"childImageSharp":{"fluid":{"src":"/static/cb1ac71b810f669fce75fe8aaef7d3d6/39a3c/regular-expression-extractor-jmeter.png"}}}}}},"pageContext":{"isCreatedByStatefulCreatePages":false,"slug":"/blog/2018/10/24/regular-expression-extractor-in-jmeter","prev":{"node":{"fields":{"slug":"/blog/2019/01/10/frugaltest"},"frontmatter":{"title":"JMeter-Regular Expression Extractor","date":"2019-01-10T00:00:00.000Z","author":"none.com","category":["JMeter","Load Testing","Best Practices","Performance Testing"],"featured":false,"image":{"childImageSharp":{"fluid":{"src":"/static/cb1ac71b810f669fce75fe8aaef7d3d6/39a3c/regular-expression-extractor-jmeter.png"}}}},"html":"<p><strong>Regular Expression Extractor</strong> uses regular expression string to fetch some values from response of one request and pass it on to another request. The value(s) which is extracted can be stored in any variable and can be used for reference in any further request in the test plan. Values can be extracted from Response Body, Response/Request Headers, URL, Response Code and Response Message of the <strong>request</strong> when you add this <strong>Post Processors</strong> to it.  </p>\n<p>Using of <strong>Regular Expression Extractor</strong> in a test plan, will save us a lot of time in creating or enhancing a test plan.  </p>\n<p><strong>Adding Regular Expression Extractor in a test plan:</strong><br>\nChoose a <strong>request</strong> in a Test Plan from which you want to extract the value and Right click the request and select <strong>Add >>Post Processors >>Regular Expression Extractor</strong> .</p>\n<img class=\"main-img img-responsive\" src=\"https://www.frugaltesting.com/resources/images/jmeter-regular-expression-extractor/post-processor.png\">\n<p><strong>Fields of Regular Expression Extractor:</strong></p>\n<ul>\n<li><strong>Reference Name:</strong> The name of the variable in which to store the extracted value.</li>\n<li><strong>Regular Expression:</strong> Expression for parse the response data and save it in the Variable as <strong>Reference Name</strong> .</li>\n<li><strong>Template:</strong> Used to create a string from the matches found. The syntax to refer to a group is:<br>\n-'$1$' to refer to group 1\n  -'$2$' to refer to group 2\n  -'$0$'refers to whatever the entire expression matches</li>\n<li><strong>Match No.:</strong> Can specify which value should be used from the character sequence.<br>\n-Zero indicates, to choose a match at random.<br>\n-A positive number N means to select the nth match from the sequence etc.</li>\n<li><strong>Default Value:</strong> If the regular expression does not match, then the reference variable will be set to the default value.</li>\n</ul>\n<img class=\"main-img img-responsive\" src=\"https://www.frugaltesting.com/resources/images/jmeter-regular-expression-extractor/regular-expression-extractor.png\" alt=\"FrugalTesting Blog on Jmeter regular expression extractor\">\n<p><strong>Example:</strong> Below is the response data of the login request which we have and we need pass ID for the next or further requests in the Test Plan.<br>\nResponse data:<br>\n{\"ID\":37035,\"FirstName\":\"Tom\",\"LastName\":\"S\",\"UserName\":\"Tom\",\"EmployeeID\":\"EMP005150\",\"ProgramID\":\"311\",\"ProgramRoleID\":\"237\"}<br>\nBy adding Regular Expression Extractor post processor to the login request and fields of the post processor can be defined as:</p>\n<ul>\n<li><strong>Reference Name:</strong> userid</li>\n<li><strong>Regular Expression:</strong> \"ID\":(.*?),</li>\n<li><strong>Template:</strong> $1$</li>\n<li><strong>Match No.:</strong>1</li>\n</ul>\n<img class=\"main-img img-responsive\" src=\"https://www.frugaltesting.com/resources/images/jmeter-regular-expression-extractor/expressions.png\" alt=\"FrugalTesting Blog on Jmeter regular expression extractor\">\n<p>The special characters used for regular expressions are:</p>\n<ul>\n<li>( ) - these enclose the portion of the match string to be returned</li>\n<li>[ ] - character classes</li>\n<li>{ } - repetition</li>\n<li>* + - repetition</li>\n<li>? - stop when first match succeeds</li>\n<li>. -’ wild-card character</li>\n<li>\\ - escape character</li>\n<li>| - alternatives</li>\n<li>^ $ - start and end of string or line</li>\n<li>[0-9] - Digit</li>\n<li>[^0-9] - Non-digit</li>\n<li>[0-9a-z_A-Z] - Word character</li>\n<li>[^0-9a-z_A-Z] - A non-word character</li>\n<li>[ \\t\\n\\r\\f] -’ A whitespace character</li>\n<li>[^ \\t\\n\\r\\f] - A non-whitespace character</li>\n</ul>\n<p><strong>RegExp Tester:</strong> We have RegExp Tester in View Result Tree to test regular expressions directly on sampler response data.</p>\n<img class=\"main-img img-responsive\" src=\"https://www.frugaltesting.com/resources/images/jmeter-regular-expression-extractor/regex-tester.png\">\n<p>This is all about the Regular Expression Extractor in JMeter and its usage. Read more blogs related to JMeter and various aspects of testing <a href=\"blog?page=1\">here</a>.</p>"}},"next":{"node":{"fields":{"slug":"/blog/2018/09/12/start-your-first-free-load-test"},"frontmatter":{"title":"Start Your First FREE Load Test with FrugalTest","date":"2018-09-12T00:00:00.000Z","author":"touropia.com","category":["Load Testing","Performance testing","Best Practices"],"featured":false,"image":{"childImageSharp":{"fluid":{"src":"/static/a351f77e9ac365c1da18c2f08d7d391e/b650d/start-your-first-free-load-test-with-frugaltest.jpg"}}}},"html":"<div class=\"entry-content\">\n<p class=\"blog-content\">\nStart your first free load test that is, by entering the URLs / APIs endpoint of your web apps or mobile\napps or uploading your jmx test script without any charges taken for your test. Select the load\nconfiguration settings for your free load testing service:\n</p>\n<ul class=\"blog-content\">\n<li>Up to 20 concurrent virtual users</li>\n<li>Test Duration up to 10 minutes</li>\n<li>One or more geographic locations to generate load from</li>\n<li>Simulate network bandwidth as your users may face in real live situations</li>\n</ul>\n<p class=\"blog-content\">To get better understanding of how your application URLs / APIs perform under expected load conditions, increase the load configuration with more virtual users for more duration and test across multiple geographic locations as well. Load test the APIs and analyze the report with real time analytics and improve your application or APIs load capability performance by 200%.\n</p>\n<h5 class=\"blog-subtitle\">Download deep-dive, in-depth analysis report and optimize from FrugalTest NOW!</h5>\n<div style=\"width:100%; margin-top:20px; margin-bottom:20px;padding:20px; box-shadow:0 0 10px rgba(0,0,0,0.1)\">\n<!-- <img class=\"main-img img-responsive\" style=\"\" src=\"./frugal-testing-performance-testing-live-analysis-demo-gif.gif\" alt=\"frugal testing performance testing live analysis demo gif\" width=\"690px\"> -->\n<!-- ![frugal testing performance testing live analysis demo gif](./frugal-testing-performance-testing-live-analysis-demo-gif.gif) -->\n</div>\n<p class=\"blog-content\">Start your first load test by creating your account <a href=\"https://www.frugaltesting.com/login\"> here </a> and get real time analytics, get free loadtesting service and speed up your web and mobile application performance with <a href=\"https://www.frugaltesting.com\"> FrugalTesting. </a></p>\n</div>"}}}}