{"data":{"allMarkdownRemark":{"edges":[{"node":{"fields":{"slug":"/blog/2019/10/10/new_in_jmeter"},"frontmatter":{"title":"What's new in Jmeter","date":"2019-10-10T00:00:00.000Z","author":"none.com","category":["Movable Type","Johannes Gutenberg"],"image":{"childImageSharp":{"fluid":{"src":"/static/f67590e4090afb73067bdf02b33f79c5/ceab1/new_in_jmeter.png"}}}}}},{"node":{"fields":{"slug":"/blog/2019/06/19/how-to-perform-indexing-in-dbms/how-to-perform-indexing"},"frontmatter":{"title":"How to perform indexing in DBMS","date":"2019-06-19T00:00:00.000Z","author":"none.com","category":["Movable Type","Johannes Gutenberg"],"image":{"childImageSharp":{"fluid":{"src":"/static/ec861476be8298d9d28f7614f59f2f96/65498/indexing-in-dbms-main.jpg"}}}}}},{"node":{"fields":{"slug":"/blog/2019/02/10/ip_spoofing"},"frontmatter":{"title":"IP Spoofing","date":"2019-02-10T00:00:00.000Z","author":"none.com","category":["Movable Type","Johannes Gutenberg"],"image":{"childImageSharp":{"fluid":{"src":"/static/a731428161714ac2481422a62aa1cee8/65498/ip_spoofing.jpg"}}}}}},{"node":{"fields":{"slug":"/blog/2018/02/12/types_of_software_testing"},"frontmatter":{"title":"Types of software testing","date":"2018-02-12T00:00:00.000Z","author":"touropia.com","category":["Movable Type","Johannes Gutenberg"],"image":{"childImageSharp":{"fluid":{"src":"/static/e44069ecb39e7aad181e07fbf03a9f93/e574f/software_testing_types.png"}}}}}}]}},"pageContext":{"isCreatedByStatefulCreatePages":false,"allCategories":["Movable Type","Johannes Gutenberg","JMeter","Load Testing","Best Practices","Performance Testing","Rio de Janeiro","Sudeste","São Paulo","Santa Catarina","Sul","Favorite","Paraná","Pernambuco","Nordeste","Pará","Norte"],"category":"Movable Type","limit":6,"skip":0,"currentPage":1,"numPages":1}}