{"data":{"allMarkdownRemark":{"edges":[{"node":{"fields":{"slug":"/blog/2018/02/12/types_of_software_testing"},"frontmatter":{"title":"Types of software testing","date":"2018-02-12T00:00:00.000Z","author":"touropia.com","category":["Movable Type","Johannes Gutenberg"],"image":{"childImageSharp":{"fluid":{"src":"/static/e44069ecb39e7aad181e07fbf03a9f93/e574f/software_testing_types.png"}}}}}},{"node":{"fields":{"slug":"/blog/2018/01/05/ilha-do-mel"},"frontmatter":{"title":"Ilha do Mel","date":"2018-01-05T00:00:00.000Z","author":"touropia.com","category":["Paraná","Sul"],"image":{"childImageSharp":{"fluid":{"src":"/static/c8ac167cebeb850fa9ab7f1dfc163b5d/65498/ilha_do_mel.jpg"}}}}}},{"node":{"fields":{"slug":"/blog/2018/01/04/ilha-de-itamaraca"},"frontmatter":{"title":"Ilha do Itamaraca","date":"2018-01-04T00:00:00.000Z","author":"touropia.com","category":["Pernambuco","Nordeste"],"image":{"childImageSharp":{"fluid":{"src":"/static/431f9dece849b3aad4f94412caecc8bf/65498/ilha_de_itamaraca.jpg"}}}}}}]}},"pageContext":{"isCreatedByStatefulCreatePages":false,"allAuthors":["none.com","touropia.com"],"author":"touropia.com","limit":6,"skip":0,"currentPage":1,"numPages":2}}