{"data":{"allMarkdownRemark":{"edges":[{"node":{"fields":{"slug":"/blog/2019/10/10/new_in_jmeter"},"frontmatter":{"title":"What's new in Jmeter","date":"2019-10-10T00:00:00.000Z","author":"none.com","category":["Movable Type","Johannes Gutenberg"],"image":{"childImageSharp":{"fluid":{"src":"/static/f67590e4090afb73067bdf02b33f79c5/ceab1/new_in_jmeter.png"}}}}}},{"node":{"fields":{"slug":"/blog/2019/06/19/how-to-perform-indexing-in-dbms/how-to-perform-indexing"},"frontmatter":{"title":"How to perform indexing in DBMS","date":"2019-06-19T00:00:00.000Z","author":"none.com","category":["Guide","Best Practices"],"image":{"childImageSharp":{"fluid":{"src":"/static/ec861476be8298d9d28f7614f59f2f96/65498/indexing-in-dbms-main.jpg"}}}}}},{"node":{"fields":{"slug":"/blog/2019/02/10/ip_spoofing"},"frontmatter":{"title":"IP Spoofing","date":"2019-02-10T00:00:00.000Z","author":"none.com","category":["Best practices","Load testing"],"image":{"childImageSharp":{"fluid":{"src":"/static/a731428161714ac2481422a62aa1cee8/65498/ip_spoofing.jpg"}}}}}},{"node":{"fields":{"slug":"/blog/2019/01/10/frugaltest"},"frontmatter":{"title":"JMeter-Regular Expression Extractor","date":"2019-01-10T00:00:00.000Z","author":"none.com","category":["JMeter","Load Testing","Best Practices","Performance Testing"],"image":{"childImageSharp":{"fluid":{"src":"/static/cb1ac71b810f669fce75fe8aaef7d3d6/39a3c/regular-expression-extractor-jmeter.png"}}}}}}]}},"pageContext":{"isCreatedByStatefulCreatePages":false,"allAuthors":["none.com","touropia.com"],"author":"none.com","limit":6,"skip":0,"currentPage":1,"numPages":1}}