{"data":{"allMarkdownRemark":{"edges":[{"node":{"fields":{"slug":"/blog/2018/04/26/types-of-performance-testing"},"frontmatter":{"title":"Types of Performance Testing","date":"2018-04-26T00:00:00.000Z","author":"Vibhor.com","category":["Performance testing"],"description":"Introduction to Apache JMeter - A Quick guide","image":{"childImageSharp":{"fluid":{"src":"/static/2960934889625087fab3f0669021ad63/b650d/types-of-performance-testing.jpg"}}}}}},{"node":{"fields":{"slug":"/blog/2018/04/14/how-website-speed-impacts-businesses"},"frontmatter":{"title":"How Website Speed Impacts Businesses?","date":"2018-04-14T00:00:00.000Z","author":"Vibhor.com","category":["Load Testing","Performance testing","Best Practices"],"description":"See how your website/mobile app can impact your business with and without...","image":{"childImageSharp":{"fluid":{"src":"/static/d2e8622c897e4df0d9f438d9e8c1c432/b650d/how-website-speed-impacts-businesses.jpg"}}}}}},{"node":{"fields":{"slug":"/blog/2018/03/25/how-to-distribute-user-load-in-the-test-plan-in-jmeter"},"frontmatter":{"title":"JMeter - How To Distribute User Load In The Test Plan?","date":"2018-03-25T00:00:00.000Z","author":"Vibhor.com","category":["Load Testing","Performance testing","Best Practices","JMeter"],"description":"An easy guide to know how to divide the user's ratio according to various user scenario flows","image":{"childImageSharp":{"fluid":{"src":"/static/a8a308a90d3e65bcbd1fd6b8d05b5579/18f3e/jmeter-how-to-distribute-user-load-in-the-test-plan.png"}}}}}},{"node":{"fields":{"slug":"/blog/2018/03/09/impact-of-heavy-user-load-on-your-application-performances"},"frontmatter":{"title":"Impact Of Heavy User Load On Your Applications Performance","date":"2018-03-09T00:00:00.000Z","author":"Vibhor.com","category":["Load Testing","Performance testing","Best Practices"],"description":"Are you ready if a huge number of users access your application at the same time?","image":{"childImageSharp":{"fluid":{"src":"/static/3a1443da63fe47d4114123f610393830/ae57a/impact-Of-heavy-user-load-on-your-application-performances.jpg"}}}}}},{"node":{"fields":{"slug":"/blog/2018/02/19/how-to-use-selenium-ide-script-for-performance-testing-in-jmeter"},"frontmatter":{"title":"JMeter - How to use Selenium IDE script for performance testing?","date":"2018-02-19T00:00:00.000Z","author":"Vibhor.com","category":["JMeter","Performance testing","Best Practices","Selenium"],"description":"Learn how can we reuse the Selenium script to prepare performance test scripts.","image":{"childImageSharp":{"fluid":{"src":"/static/cb6b71def2dc6ba7a9f2ed52af226237/b650d/jmeter-how-to-use-selenium-ide-script-for-performance-testing.jpg"}}}}}},{"node":{"fields":{"slug":"/blog/2018/02/12/integration-of-jenkins-with-jmeter"},"frontmatter":{"title":"Integration of Jenkins with JMeter","date":"2018-02-12T00:00:00.000Z","author":"Vibhor.com","category":["Load Testing","Performance testing","Best Practices","JMeter"],"description":"Want to integrate your Jenkins CI/ CD tool with JMeter for Performance testing?","image":{"childImageSharp":{"fluid":{"src":"/static/b672433757a75d967a6ae961f3765d41/b650d/jenkins-jmeter.jpg"}}}}}}]}},"pageContext":{"isCreatedByStatefulCreatePages":false,"limit":6,"skip":18,"currentPage":4,"numPages":6}}