{"data":{"allMarkdownRemark":{"edges":[{"node":{"fields":{"slug":"/blog/2018/01/05/ilha-do-mel"},"frontmatter":{"title":"Ilha do Mel","date":"2018-01-05T00:00:00.000Z","author":"touropia.com","category":["Paraná","Sul"],"image":{"childImageSharp":{"fluid":{"src":"/static/c8ac167cebeb850fa9ab7f1dfc163b5d/65498/ilha_do_mel.jpg"}}}}}},{"node":{"fields":{"slug":"/blog/2018/01/04/ilha-de-itamaraca"},"frontmatter":{"title":"Ilha do Itamaraca","date":"2018-01-04T00:00:00.000Z","author":"touropia.com","category":["Pernambuco","Nordeste"],"image":{"childImageSharp":{"fluid":{"src":"/static/431f9dece849b3aad4f94412caecc8bf/65498/ilha_de_itamaraca.jpg"}}}}}},{"node":{"fields":{"slug":"/blog/2018/01/03/ilha-do-campeche"},"frontmatter":{"title":"Ilha do Campeche","date":"2018-01-03T00:00:00.000Z","author":"touropia.com","category":["Santa Catarina","Sul"],"image":{"childImageSharp":{"fluid":{"src":"/static/75b450b8485ce0c78e605d1f858c720e/65498/ilha_do_campeche.jpg"}}}}}},{"node":{"fields":{"slug":"/blog/2018/01/02/ilha-do-marajo"},"frontmatter":{"title":"Ilha do Marajo","date":"2018-01-02T00:00:00.000Z","author":"touropia.com","category":["Pará","Norte"],"image":{"childImageSharp":{"fluid":{"src":"/static/f53d241a4f6ac44e7eb0bbe21a59a6dd/65498/ilha_do_marajo.jpg"}}}}}},{"node":{"fields":{"slug":"/blog/2018/01/01/ilha-do-cardoso"},"frontmatter":{"title":"Ilha do Cardoso","date":"2018-01-01T00:00:00.000Z","author":"touropia.com","category":["São Paulo","Sudeste"],"image":{"childImageSharp":{"fluid":{"src":"/static/1245e25cdf59810644d0f530a14a9b62/65498/ilha_do_cardoso.jpg"}}}}}}]}},"pageContext":{"isCreatedByStatefulCreatePages":false,"allAuthors":["none.com","touropia.com"],"author":"touropia.com","limit":6,"skip":6,"currentPage":2,"numPages":2}}