{"data":{"allMarkdownRemark":{"edges":[{"node":{"fields":{"slug":"/blog/2019/06/11/differences-between-appium-and-espresso"},"frontmatter":{"title":"Appium vs Espresso","date":"2019-06-11T00:00:00.000Z","author":"touropia.com","category":["Load Testing","Performance testing","Best Practices"],"image":{"childImageSharp":{"fluid":{"src":"/static/d3b02e48da887628f06b7b3f0b779f61/2469f/appium-vs-espresso.png"}}}}}},{"node":{"fields":{"slug":"/blog/2019/06/11/validation-vs-verification"},"frontmatter":{"title":"Validation vs Verification Differences","date":"2019-06-11T00:00:00.000Z","author":"touropia.com","category":["Load Testing","Performance testing","Best Practices"],"image":{"childImageSharp":{"fluid":{"src":"/static/6ae5639294a72fa0180125d9ab544bf6/2469f/validation-vs-verification-main.png"}}}}}},{"node":{"fields":{"slug":"/blog/2019/06/10/how-to-install-jenkins-guide"},"frontmatter":{"title":"[Guide] - How to install Jenkins","date":"2019-06-10T00:00:00.000Z","author":"touropia.com","category":["Load Testing","Performance testing","Best Practices"],"image":{"childImageSharp":{"fluid":{"src":"/static/9cfa9988f1a9d7e9825540c7ea6bb687/65498/how-to-install-jenkings-guide.jpg"}}}}}},{"node":{"fields":{"slug":"/blog/2019/06/10/performance-testing-vs-stress-testing-vs-load-testing"},"frontmatter":{"title":"Performance Testing vs Stress Testing vs Load Testing","date":"2019-06-10T00:00:00.000Z","author":"touropia.com","category":["Load Testing","Performance testing","Best Practices"],"image":{"childImageSharp":{"fluid":{"src":"/static/6a1fd6d897553f042252491569719294/65498/performance-vs-stress-vs-load-testing.jpg"}}}}}},{"node":{"fields":{"slug":"/blog/2019/06/10/top-10-benefits-of-automation-testing"},"frontmatter":{"title":"Top 10 benefits of Automation Testing","date":"2019-06-10T00:00:00.000Z","author":"touropia.com","category":["Load Testing","Performance testing","Best Practices"],"image":{"childImageSharp":{"fluid":{"src":"/static/272742d8602601a5fdc8ae3ffe6f4f11/65498/top-10-automation-benefits.jpg"}}}}}},{"node":{"fields":{"slug":"/blog/2019/06/05/6-best-cross-browser-compatability-testing-tools-in-2019"},"frontmatter":{"title":"6 Best Cross Browser Compatibility Testing Tools","date":"2019-06-05T00:00:00.000Z","author":"touropia.com","category":["Load Testing","Performance testing","Best Practices"],"image":{"childImageSharp":{"fluid":{"src":"/static/01a647a4cdf14e710f592faec83f7a46/3e5a0/cross-browser-compatibility.png"}}}}}}]}},"pageContext":{"isCreatedByStatefulCreatePages":false,"allAuthors":["none.com","touropia.com","FrugalTesting","frugaltesting.com","Vibhor.com"],"author":"touropia.com","limit":6,"skip":0,"currentPage":1,"numPages":3}}