{"data":{"allMarkdownRemark":{"edges":[{"node":{"fields":{"slug":"/blog/2017/10/09/how-to-record-mobile-application-traffic-in-jmeter"},"frontmatter":{"title":"JMeter - How to record Mobile Application traffic?","date":"2017-10-09T00:00:00.000Z","author":"Vibhor.com","category":["Load Testing","Performance testing","JMeter"],"image":{"childImageSharp":{"fluid":{"src":"/static/6f5aacdf0adfbb64f210c10df2d1c079/b650d/jmeter-how-to-record-mobile-application-traffic.jpg"}}}}}},{"node":{"fields":{"slug":"/blog/2017/09/12/how-to-install-java-in-apache-jmeter"},"frontmatter":{"title":"How to Install Java for Apache JMeter","date":"2017-09-12T00:00:00.000Z","author":"Vibhor.com","category":["Load Testing","Performance testing","Best Practices"],"image":{"childImageSharp":{"fluid":{"src":"/static/4b089692ed5814729d10ae2861bd75f4/de58c/jmeter-java-install.png"}}}}}},{"node":{"fields":{"slug":"/blog/2017/09/12/three-stages-in-a-startup-journey-viewed-from-a-performance-testing-perspective"},"frontmatter":{"title":"The three stages in a startups journey viewed from a performance testing perspective","date":"2017-09-12T00:00:00.000Z","author":"Vibhor.com","category":["Load Testing","Performance testing"],"image":{"childImageSharp":{"fluid":{"src":"/static/6c5abc062c969fb6cf43a7eb6f68d9d1/b650d/three-stages-in-a-startup-journey-viewed-from-a-performance-testing-perspective.jpg"}}}}}},{"node":{"fields":{"slug":"/blog/2017/08/11/jmeter-tips-and-tricks-to-make-the-script-more-reliable"},"frontmatter":{"title":"JMeter - Tips And Tricks To Make The Script More Reliable","date":"2017-08-11T00:00:00.000Z","author":"Vibhor.com","category":["Load Testing","Best Practices"],"image":{"childImageSharp":{"fluid":{"src":"/static/7a55f5c13e060b6653f3d0e1d61c7e14/18f3e/jmeter-tips-and-tricks-to-make-the-script-more-reliable.png"}}}}}},{"node":{"fields":{"slug":"/blog/2017/08/11/webdriver-sampler-in-jmeter"},"frontmatter":{"title":"WebDriver Sampler in JMeter","date":"2017-08-11T00:00:00.000Z","author":"Vibhor.com","category":["Load Testing","Best Practices"],"image":{"childImageSharp":{"fluid":{"src":"/static/ee57172edd8926f3e84be97b7f97df52/01577/webdriver-sampler-in-jmeter.png"}}}}}}]}},"pageContext":{"isCreatedByStatefulCreatePages":false,"allAuthors":["none.com","touropia.com","FrugalTesting","frugaltesting.com","Vibhor.com"],"author":"Vibhor.com","limit":6,"skip":12,"currentPage":3,"numPages":3}}