{"data":{"markdownRemark":{"html":"<p>Located off of the coast of Pernambuco, Ilha de Itamaraca is a popular tourist destination, especially with residents of the nearby cities of Recife and Olinda. This charming island boasts a number of pretty beaches and historical sites, including Fort Orange, which was built by the Dutch in 1631. And if you love watersports, you’ll find plenty to do on Ilha de Itamaraca. You could, for instance, explore the mangroves on a kayak, learn how to kitesurf, go jet skiing or simply enjoy swimming in the warm waters that surround this island. Also on the island is a Manatee Preservation Center, which is an especially popular attraction for animal lovers and children.</p>\n<p>Image credits: <a href=\"https://www.flickr.com/photos/soldon\">flickr/Rodrigo Soldon</a></p>\n<p><a href=\"https://www.touropia.com/islands-in-brazil/\">Original content</a></p>","frontmatter":{"title":"Ilha do Itamaraca","date":"January 04, 2018","author":"touropia.com","category":["Pernambuco","Nordeste"],"description":null,"image":{"childImageSharp":{"fluid":{"src":"/static/431f9dece849b3aad4f94412caecc8bf/65498/ilha_de_itamaraca.jpg"}}}}}},"pageContext":{"isCreatedByStatefulCreatePages":false,"slug":"/blog/2018/01/04/ilha-de-itamaraca","prev":{"node":{"fields":{"slug":"/blog/2018/01/05/ilha-do-mel"},"frontmatter":{"title":"Ilha do Mel","date":"2018-01-05T00:00:00.000Z","author":"touropia.com","category":["Paraná","Sul"],"featured":false,"image":{"childImageSharp":{"fluid":{"src":"/static/c8ac167cebeb850fa9ab7f1dfc163b5d/65498/ilha_do_mel.jpg"}}}},"html":"<p>Its name means Honey Island, and those who have visited Ilha do Mel will tell you that this is, indeed, one very sweet island. Blessed with lovely beaches and dense jungles, Ilha do Mel is perfect for a tranquil escape from the hustle and bustle of everyday life. There are, for example, no cars on this island, so you’ll either have to walk or rent a bike to get around. And its inhabitants are very keen on keeping this island as pristine as possible while also catering to ecotourists. If you decide to visit Ilha do Mel, make sure to check out one of its most popular attractions, the sea cave known as Gruta das Encantadas or Grotto of the Enchanted.</p>\n<p>Image credits: <a href=\"http://www.flickr.com/photos/65827346@N07\">flickr/Mandeandrade</a></p>\n<p><a href=\"https://www.touropia.com/islands-in-brazil/\">Original content</a></p>"}},"next":{"node":{"fields":{"slug":"/blog/2018/01/03/ilha-do-campeche"},"frontmatter":{"title":"Ilha do Campeche","date":"2018-01-03T00:00:00.000Z","author":"touropia.com","category":["Santa Catarina","Sul"],"featured":false,"image":{"childImageSharp":{"fluid":{"src":"/static/75b450b8485ce0c78e605d1f858c720e/65498/ilha_do_campeche.jpg"}}}},"html":"<p>Ilha do Campeche, which is located on the east coast of Florianopolis, boasts stunning white sand beaches and its very clear water are perfect for snorkeling. But this is not just another beautiful island. It is also home to more than 100 ancient petroglyphs. If you are interested in seeing some of these archaeological treasures, you can take a guided tour to see them. To preserve this amazing island, the number of visitors allowed per day is limited. In addition, visitors are only given four hours to explore the small island. Ilha do Campeche is also closed to visitors during the winter months.</p>\n<p>Image credits: <a href=\"https://www.flickr.com/photos/soldon\">flickr/Rodrigo Soldon</a></p>\n<p><a href=\"https://www.touropia.com/islands-in-brazil/\">Original content</a></p>"}}}}