{"data":{"allMarkdownRemark":{"edges":[{"node":{"fields":{"slug":"/blog/2019/10/23/whats-new-in-jmeter"},"frontmatter":{"title":"What's new in Jmeter","date":"2019-10-23T00:00:00.000Z","author":"none.com","category":["Load testing","Performance testing","JMeter"],"image":{"childImageSharp":{"fluid":{"src":"/static/f67590e4090afb73067bdf02b33f79c5/ceab1/new_in_jmeter.png"}}}}}},{"node":{"fields":{"slug":"/blog/2019/10/10/new_in_jmeter"},"frontmatter":{"title":"What's new in Jmeter","date":"2019-10-10T00:00:00.000Z","author":"none.com","category":["Load testing","Performance testing","JMeter"],"image":{"childImageSharp":{"fluid":{"src":"/static/f67590e4090afb73067bdf02b33f79c5/ceab1/new_in_jmeter.png"}}}}}},{"node":{"fields":{"slug":"/blog/2019/06/03/top-5-android-UI-frameworks-for-automation-testing"},"frontmatter":{"title":"Top 5 Android UI Frameworks for Automation Testing","date":"2019-06-03T00:00:00.000Z","author":"touropia.com","category":["Load Testing","Performance testing","Best Practices","JMeter"],"image":{"childImageSharp":{"fluid":{"src":"/static/72d5fa99c922140006d19cfd010c207f/65498/top-5-android-UI-frameworks.jpg"}}}}}},{"node":{"fields":{"slug":"/blog/2019/02/10/ip_spoofing"},"frontmatter":{"title":"IP Spoofing","date":"2019-02-10T00:00:00.000Z","author":"none.com","category":["Best practices","Load testing","JMeter"],"image":{"childImageSharp":{"fluid":{"src":"/static/a731428161714ac2481422a62aa1cee8/65498/ip_spoofing.jpg"}}}}}},{"node":{"fields":{"slug":"/blog/2019/01/10/frugaltest"},"frontmatter":{"title":"JMeter-Regular Expression Extractor","date":"2019-01-10T00:00:00.000Z","author":"none.com","category":["JMeter","Load Testing","Best Practices","Performance Testing"],"image":{"childImageSharp":{"fluid":{"src":"/static/cb1ac71b810f669fce75fe8aaef7d3d6/39a3c/regular-expression-extractor-jmeter.png"}}}}}},{"node":{"fields":{"slug":"/blog/2018/10/24/regular-expression-extractor-in-jmeter"},"frontmatter":{"title":"Regular Expression Extractor in JMeter","date":"2018-10-24T00:00:00.000Z","author":"FrugalTesting","category":["JMeter","Load Testing","Best Practices","Performance Testing"],"image":{"childImageSharp":{"fluid":{"src":"/static/cb1ac71b810f669fce75fe8aaef7d3d6/39a3c/regular-expression-extractor-jmeter.png"}}}}}}]}},"pageContext":{"isCreatedByStatefulCreatePages":false,"allCategories":["Load testing","Performance testing","JMeter","Guide","Best Practices","Load Testing","Best practices","Performance Testing","Selenium","Distributed testing"],"category":"JMeter","limit":6,"skip":0,"currentPage":1,"numPages":3}}