{"data":{"allMarkdownRemark":{"edges":[{"node":{"fields":{"slug":"/blog/2019/10/10/new_in_jmeter"},"frontmatter":{"title":"What's new in Jmeter","date":"2019-10-10T00:00:00.000Z","author":"none.com","category":["Movable Type","Johannes Gutenberg"],"description":"Check out some of the improvements and additions in the new version of JMeter 5.0","image":{"childImageSharp":{"fluid":{"src":"/static/f67590e4090afb73067bdf02b33f79c5/ceab1/new_in_jmeter.png"}}}}}},{"node":{"fields":{"slug":"/blog/2019/02/10/ip_spoofing"},"frontmatter":{"title":"IP Spoofing","date":"2019-02-10T00:00:00.000Z","author":"none.com","category":["Movable Type","Johannes Gutenberg"],"description":"Want to load your Application logs with multiple ips during the load test? Check it out now","image":{"childImageSharp":{"fluid":{"src":"/static/a731428161714ac2481422a62aa1cee8/65498/ip_spoofing.jpg"}}}}}},{"node":{"fields":{"slug":"/blog/2019/01/10/frugaltest"},"frontmatter":{"title":"JMeter-Regular Expression Extractor","date":"2019-01-10T00:00:00.000Z","author":"none.com","category":["JMeter","Load Testing","Best Practices","Performance Testing"],"description":"Learn how can you make your performance test scripts more dynamic with JMeter","image":{"childImageSharp":{"fluid":{"src":"/static/cb1ac71b810f669fce75fe8aaef7d3d6/39a3c/regular-expression-extractor-jmeter.png"}}}}}},{"node":{"fields":{"slug":"/blog/2018/02/12/types_of_software_testing"},"frontmatter":{"title":"Types of software testing","date":"2018-02-12T00:00:00.000Z","author":"touropia.com","category":["Movable Type","Johannes Gutenberg"],"description":"Johannes Gensfleisch zur Laden zum Gutenberg (c. 1398 – 1468) was a German blacksmith, goldsmith, printer,","image":{"childImageSharp":{"fluid":{"src":"/static/e44069ecb39e7aad181e07fbf03a9f93/e574f/software_testing_types.png"}}}}}},{"node":{"fields":{"slug":"/blog/2018/01/08/ilha-de-tinhare"},"frontmatter":{"title":"Ilha de Tinhare","date":"2018-01-08T00:00:00.000Z","author":"touropia.com","category":["São Paulo","Sudeste"],"description":null,"image":null}}},{"node":{"fields":{"slug":"/blog/2018/01/07/florianopolis"},"frontmatter":{"title":"Florianópolis","date":"2018-01-07T00:00:00.000Z","author":"touropia.com","category":["Santa Catarina","Sul","Favorite"],"description":null,"image":{"childImageSharp":{"fluid":{"src":null}}}}}}]}},"pageContext":{"isCreatedByStatefulCreatePages":false,"limit":6,"skip":0,"currentPage":1,"numPages":3}}