{"data":{"markdownRemark":{"html":"<p>Plan ahead if you want to visit Fernando de Noronha, an archipelago of 21 islands and islets in the Atlantic Ocean. To protect these fragile islands, only 460 tourists are allowed to visit these unspoiled beauties per day. And you’ll definitely want to include Fernando de Noronha on your itinerary if you can. Conde Nast called this archipelago “possibly the most relaxing and most beautiful place” in the world. And the New York Times included Fernando de Noronha on its 2014 list of must-visit destinations. This high praise is well deserved. The waters around Fernando de Noronha are crystal clear and teeming with fish, dolphins and turtles, making them perfect for snorkeling and diving. You’ll also find plenty of lovely, deserted beaches, pretty coves and lovely waterfalls on these very special and very exclusive islands.</p>\n<p>Image credits: <a href=\"https://www.touropia.com/islands-in-brazil/\">touropia.com</a></p>\n<p><a href=\"https://www.touropia.com/islands-in-brazil/\">Original content</a></p>","frontmatter":{"title":"Fernando de Noronha","date":"January 10, 2018","author":"touropia.com","category":["Pernanbuco","Nordeste","Favorite"],"description":"Johannes Gensfleisch zur Laden zum Gutenberg (c. 1398 – 1468) was a German blacksmith, goldsmith, ","image":{"childImageSharp":{"fluid":{"src":"/static/c58bf5525e0526d5a1ca646f0d28d1d6/65498/fernando_de_noronha.jpg"}}}}}},"pageContext":{"isCreatedByStatefulCreatePages":false,"slug":"/blog/2018/01/10/fernando-de-noronha","prev":{"node":{"fields":{"slug":"/blog/2018/02/12/types_of_software_testing"},"frontmatter":{"title":"Types of software testing","date":"2018-02-12T00:00:00.000Z","author":"touropia.com","category":["Movable Type","Johannes Gutenberg"],"featured":false,"image":{"childImageSharp":{"fluid":{"src":"/static/e44069ecb39e7aad181e07fbf03a9f93/e574f/software_testing_types.png"}}}},"html":"<p>Software Testing has been the buzzword in the software industry for a\nlong time. Even after years of upgradation in the technological\nartillery, it still is on the go-to list of all testers. Software\ntesting is a broad term that encompasses various software testing types.\nSo what exactly amounts to Software Testing? Why is it required? What\nare different software testing types? Let's go ahead and explore the\nrealms of Software Testing.</p>\n<p><strong>WHAT IS SOFTWARE TESTING?</strong><br>\nSoftware testing is characterized as an action to check whether the\nreal outcomes coordinate the normal outcomes and to guarantee that the\nproduct framework is sans defect. It includes execution of a product\npart or framework segment to assess one or more properties of interest.</p>\n<p><strong>WHY IS SOFTWARE TESTING REQUIRED?</strong></p>\n<p>This is where Software Testing comes in to save the day. In today's\ndigital economy, software testing, prior to going live is of paramount\nimportance otherwise users experience a buggy product or service. Being\na QA professional, you are always expected to have a quality detector to\nensure quality is top-notch, therefore it is a must that you acquaint\nyourself to software testing types:</p>\n<p><strong>Functional Testing</strong> - To confirm that each capacity of the product\napplication carries on as indicated in the necessity archive. Testing\nevery one of the functionalities by giving fitting contribution to\nconfirm whether the real yield is coordinating the normal yield or not,\nthis comes under the umbrella of Functional Testing.<br>\n<br>\n<strong>Automation Testing</strong> - Automation testing is all about testing the\nproduct, utilizing a computerization instrument to discover the\nimperfections. In this procedure, executing the test contents and\ncreating the outcomes are performed naturally via mechanization tools. <br>\n<br>\n<strong>Agile Testing</strong> -Agile testing is a kind of testing that includes\nfollowing standards of nimble programming improvement technique. In this\ndexterous testing, testing is directed all through the lifecycle of the\nceaselessly developing venture as opposed to being limited to a specific\nstage. <br>\n<br>\n<strong>Security Testing</strong> - Security testing is a procedure to decide if the\nframework ensures information and keeps up usefulness as expected. <br>\n<br>\n<strong>Smoke Testing</strong> - Smoke Testing is done to ensure if the construct we\ngot from the advancement group is testable or not. It is additionally\ncalled as \"Day 0\" check. It is done at the \"manufacture level\". It\nencourages not to squander the testing time to just testing the entire\napplication when the key highlights don't work or the key bugs have not\nbeen fixed yet.<br>\n<br>\nTo know more about software testing types, <a href=\"https://www.softwaretestingmaterial.com/types-of-software-testing/\">click\nhere</a>.</p>"}},"next":{"node":{"fields":{"slug":"/blog/2018/01/09/ilha-grande"},"frontmatter":{"title":"Ilha Grande","date":"2018-01-09T00:00:00.000Z","author":"touropia.com","category":["Rio de Janeiro","Sudeste"],"featured":false,"image":{"childImageSharp":{"fluid":{"src":"/static/fd0e06f1df2df33bc4a1ba28c7b9ada4/65498/ilha_grande.jpg"}}}},"html":"<p>If you’re looking for an island that has remained largely undeveloped, consider visiting Ilha Grande, which is located approximately 160 km (100 miles) from Rio de Janeiro. Over the years, this island has been used for some interesting purposes. It was once a leper colony, and for more than 90 years it was also a prison that housed some of Brazil’s worst criminals. But once the prison shut down in 1994, it started to attract tourists, who are drawn to this island by its beautiful beaches and amazing rain forests. And because Ilha Grande is a nature preserve, it is home to incredible wildlife, including monkeys, parrots, iguanas and capybaras.</p>\n<p>Image credits: <a href=\"https://www.touropia.com/islands-in-brazil/\">touropia.com</a></p>\n<p><a href=\"https://www.touropia.com/islands-in-brazil/\">Original content</a></p>"}}}}