{"data":{"markdownRemark":null},"pageContext":{"isCreatedByStatefulCreatePages":false,"slug":"/blog/2018/01/07/florianopolis","prev":{"node":{"fields":{"slug":"/blog/2018/01/08/ilha-de-tinhare"},"frontmatter":{"title":"Ilha de Tinhare","date":"2018-01-08T00:00:00.000Z","author":"touropia.com","category":["São Paulo","Sudeste"],"featured":false,"image":{"childImageSharp":{"fluid":{"src":"/static/a870bb21735c54a9b6dcbfdac863c474/1b7a6/ilha_de_tinhare.jpg"}}}},"html":"<p>This beautiful island is probably best known for the village of Morro de Sao Paulo. This little village has no streets or cars, and boasts stunning little palm tree-fringed beaches that bear the easy-to-remember names of First, Second, Third and Fourth. Second Beach is the most popular with travelers and boasts numerous bars and restaurants. Ilha de Tinhare is also home to several other settlements, including Grapua, Gamboa and Galeao. If you decide to visit Ilha de Tinhare, you’ll find plenty to do. Its waters are clear and warm, perfect for swimming or snorkeling. Trekking about the island is also a popular activity. There is also a small neighboring island, Boipeba, that many travelers like to visit.</p>\n<p>Image credits: <a href=\"http://www.flickr.com/photos/106947105@N05\">flickr/prva2003</a></p>\n<p><a href=\"https://www.touropia.com/islands-in-brazil/\">Original content</a></p>"}},"next":{"node":{"fields":{"slug":"/blog/2018/01/06/ilhabela"},"frontmatter":{"title":"Ilhabela","date":"2018-01-06T00:00:00.000Z","author":"touropia.com","category":["São Paulo","Sudeste"],"featured":false,"image":{"childImageSharp":{"fluid":{"src":null}}}},"html":"<p>Ilhabela is a group of islands located on the northern coast of Sao Paulo. Its name means beautiful island, and visitors to Ilhabela are quick to discover why. These Brazilian islands are blessed with lovely beaches and more than 360 waterfalls. And its thick tropical jungles are home to wild monkeys and about 300 species of birds, including toucans. Ilhabela, which is known as Brazil’s sailing capital, hosts the Rolex International Sailing Week each year — the largest sailing competition held in Latin America. Other watersports, including surfing and snorkeling, are also very popular on these islands.</p>\n<p>Image credits: <a href=\"https://www.touropia.com/islands-in-brazil/\">touropia.com</a></p>\n<p><a href=\"https://www.touropia.com/islands-in-brazil/\">Original content</a></p>"}}}}