{"data":{"allMarkdownRemark":{"edges":[{"node":{"fields":{"slug":"/blog/2019/10/23/whats-new-in-jmeter"},"frontmatter":{"title":"What's new in Jmeter","date":"2019-10-23T00:00:00.000Z","author":"none.com","category":["Load testing","Performance testing","JMeter"],"image":{"childImageSharp":{"fluid":{"src":"/static/f67590e4090afb73067bdf02b33f79c5/ceab1/new_in_jmeter.png"}}}}}},{"node":{"fields":{"slug":"/blog/2019/06/19/how-to-perform-indexing-in-dbms/how-to-perform-indexing"},"frontmatter":{"title":"How to perform indexing in DBMS","date":"2019-06-19T00:00:00.000Z","author":"none.com","category":["Guide","Best Practices"],"image":{"childImageSharp":{"fluid":{"src":"/static/ec861476be8298d9d28f7614f59f2f96/65498/indexing-in-dbms-main.jpg"}}}}}},{"node":{"fields":{"slug":"/blog/2019/06/12/top-5-open-source-load-testing-tools"},"frontmatter":{"title":"Top 5 Open Source Load Testing Tools","date":"2019-06-12T00:00:00.000Z","author":"none.com","category":["Load testing","Performance testing","Best Practices"],"image":{"childImageSharp":{"fluid":{"src":"/static/3e65d63a59ca9a5a7f792bd8818d54e2/08739/load-testing-tools.jpg"}}}}}},{"node":{"fields":{"slug":"/blog/2018/09/09/guide-to-ip-spoofing-fo-load-testing-in-jmeter"},"frontmatter":{"title":"IP Spoofing For Load Testing in JMeter","date":"2018-09-09T00:00:00.000Z","author":"none.com","category":["Best practices","Load testing","JMeter"],"image":{"childImageSharp":{"fluid":{"src":"/static/a731428161714ac2481422a62aa1cee8/65498/ip_spoofing.jpg"}}}}}}]}},"pageContext":{"isCreatedByStatefulCreatePages":false,"allAuthors":["none.com","touropia.com","FrugalTesting","frugaltesting.com","Vibhor.com"],"author":"none.com","limit":6,"skip":0,"currentPage":1,"numPages":1}}