{"data":{"allMarkdownRemark":{"edges":[{"node":{"fields":{"slug":"/blog/2019/10/23/whats-new-in-jmeter"},"frontmatter":{"title":"What's new in Jmeter","date":"2019-10-23T00:00:00.000Z","author":"none.com","category":["Load testing","Performance testing","JMeter"],"description":"Check out some of the improvements and additions in the new version of JMeter 5.0","image":{"childImageSharp":{"fluid":{"src":"/static/f67590e4090afb73067bdf02b33f79c5/ceab1/new_in_jmeter.png"}}}}}},{"node":{"fields":{"slug":"/blog/2019/06/12/top-5-open-source-load-testing-tools"},"frontmatter":{"title":"Top 5 Open Source Load Testing Tools","date":"2019-06-12T00:00:00.000Z","author":"none.com","category":["Load testing","Performance testing","Best Practices"],"description":"We give you a brief about top 5 load testing tools in the market.","image":{"childImageSharp":{"fluid":{"src":"/static/3e65d63a59ca9a5a7f792bd8818d54e2/08739/load-testing-tools.jpg"}}}}}},{"node":{"fields":{"slug":"/blog/2019/06/11/differences-between-appium-and-espresso"},"frontmatter":{"title":"Appium vs Espresso","date":"2019-06-11T00:00:00.000Z","author":"touropia.com","category":["Load Testing","Performance testing","Best Practices"],"description":"What is appium? What is espresso? This blog provides you a brief about Appium...","image":{"childImageSharp":{"fluid":{"src":"/static/d3b02e48da887628f06b7b3f0b779f61/2469f/appium-vs-espresso.png"}}}}}},{"node":{"fields":{"slug":"/blog/2019/06/11/validation-vs-verification"},"frontmatter":{"title":"Validation vs Verification Differences","date":"2019-06-11T00:00:00.000Z","author":"touropia.com","category":["Load Testing","Performance testing","Best Practices"],"description":"What is appium? What is espresso? This blog provides you a brief about Appium...","image":{"childImageSharp":{"fluid":{"src":"/static/6ae5639294a72fa0180125d9ab544bf6/2469f/validation-vs-verification-main.png"}}}}}},{"node":{"fields":{"slug":"/blog/2019/06/10/how-to-install-jenkins-guide"},"frontmatter":{"title":"[Guide] - How to install Jenkins","date":"2019-06-10T00:00:00.000Z","author":"touropia.com","category":["Load Testing","Performance testing","Best Practices"],"description":"What is jenkins? we give you a complete guide on how to install jenkins...","image":{"childImageSharp":{"fluid":{"src":"/static/9cfa9988f1a9d7e9825540c7ea6bb687/65498/how-to-install-jenkings-guide.jpg"}}}}}},{"node":{"fields":{"slug":"/blog/2019/06/10/performance-testing-vs-stress-testing-vs-load-testing"},"frontmatter":{"title":"Performance Testing vs Stress Testing vs Load Testing","date":"2019-06-10T00:00:00.000Z","author":"touropia.com","category":["Load Testing","Performance testing","Best Practices"],"description":"What is performance testing?, stress testing? and load testing?","image":{"childImageSharp":{"fluid":{"src":"/static/6a1fd6d897553f042252491569719294/65498/performance-vs-stress-vs-load-testing.jpg"}}}}}}]}},"pageContext":{"isCreatedByStatefulCreatePages":false,"limit":6,"skip":0,"currentPage":1,"numPages":6}}