{"data":{"allMarkdownRemark":{"edges":[{"node":{"fields":{"slug":"/blog/2018/02/12/types_of_software_testing"},"frontmatter":{"title":"Types of software testing","date":"2018-02-12T00:00:00.000Z","author":"touropia.com","category":["Movable Type","Johannes Gutenberg"],"image":{"childImageSharp":{"fluid":{"src":"/static/e44069ecb39e7aad181e07fbf03a9f93/e574f/software_testing_types.png"}}}}}},{"node":{"fields":{"slug":"/blog/2018/01/10/fernando-de-noronha"},"frontmatter":{"title":"Fernando de Noronha","date":"2018-01-10T00:00:00.000Z","author":"touropia.com","category":["Pernanbuco","Nordeste","Favorite"],"image":{"childImageSharp":{"fluid":{"src":"/static/c58bf5525e0526d5a1ca646f0d28d1d6/65498/fernando_de_noronha.jpg"}}}}}},{"node":{"fields":{"slug":"/blog/2018/01/09/ilha-grande"},"frontmatter":{"title":"Ilha Grande","date":"2018-01-09T00:00:00.000Z","author":"touropia.com","category":["Rio de Janeiro","Sudeste"],"image":{"childImageSharp":{"fluid":{"src":"/static/fd0e06f1df2df33bc4a1ba28c7b9ada4/65498/ilha_grande.jpg"}}}}}},{"node":{"fields":{"slug":"/blog/2018/01/08/ilha-de-tinhare"},"frontmatter":{"title":"Ilha de Tinhare","date":"2018-01-08T00:00:00.000Z","author":"touropia.com","category":["São Paulo","Sudeste"],"image":{"childImageSharp":{"fluid":{"src":"/static/a870bb21735c54a9b6dcbfdac863c474/1b7a6/ilha_de_tinhare.jpg"}}}}}},{"node":{"fields":{"slug":"/blog/2018/01/07/florianopolis"},"frontmatter":{"title":"Florianópolis","date":"2018-01-07T00:00:00.000Z","author":"touropia.com","category":["Santa Catarina","Sul","Favorite"],"image":{"childImageSharp":{"fluid":{"src":"/static/9dd7f39ba86151cadd03a967c9253321/65498/ilha_de_santa_catarina.jpg"}}}}}},{"node":{"fields":{"slug":"/blog/2018/01/06/ilhabela"},"frontmatter":{"title":"Ilhabela","date":"2018-01-06T00:00:00.000Z","author":"touropia.com","category":["São Paulo","Sudeste"],"image":{"childImageSharp":{"fluid":{"src":"/static/a005b1825072c579dec581dd698e79de/65498/ilhabela.jpg"}}}}}}]}},"pageContext":{"isCreatedByStatefulCreatePages":false,"allAuthors":["none.com","touropia.com"],"author":"touropia.com","limit":6,"skip":0,"currentPage":1,"numPages":2}}