{"data":{"markdownRemark":{"html":"<p>Ilhabela is a group of islands located on the northern coast of Sao Paulo. Its name means beautiful island, and visitors to Ilhabela are quick to discover why. These Brazilian islands are blessed with lovely beaches and more than 360 waterfalls. And its thick tropical jungles are home to wild monkeys and about 300 species of birds, including toucans. Ilhabela, which is known as Brazil’s sailing capital, hosts the Rolex International Sailing Week each year — the largest sailing competition held in Latin America. Other watersports, including surfing and snorkeling, are also very popular on these islands.</p>\n<p>Image credits: <a href=\"https://www.touropia.com/islands-in-brazil/\">touropia.com</a></p>\n<p><a href=\"https://www.touropia.com/islands-in-brazil/\">Original content</a></p>","frontmatter":{"title":"Ilhabela","date":"January 06, 2018","author":"touropia.com","category":["São Paulo","Sudeste"],"description":null,"image":{"childImageSharp":{"fluid":{"src":"/static/a005b1825072c579dec581dd698e79de/65498/ilhabela.jpg"}}}}}},"pageContext":{"isCreatedByStatefulCreatePages":false,"slug":"/blog/2018/01/06/ilhabela","prev":{"node":{"fields":{"slug":"/blog/2018/01/07/florianopolis"},"frontmatter":{"title":"Florianópolis","date":"2018-01-07T00:00:00.000Z","author":"touropia.com","category":["Santa Catarina","Sul","Favorite"],"featured":false,"image":{"childImageSharp":{"fluid":{"src":"/static/9dd7f39ba86151cadd03a967c9253321/65498/ilha_de_santa_catarina.jpg"}}}},"html":"<p>This island offers a lot of variety in a relatively small space. On Ilha de Santa Catarina, you will find Florianopolis, the capital of the state of Santa Catarina. This city is known for its exciting nightlife and boasts a historic downtown area. Ilha de Santa Catarina is also home to many gorgeous beaches, including Joaquina Beach, a popular surfing hot spot. In addition to its beaches, Ilha de Santa Catarina also boasts beautiful Brazilian pine tree forests, lakes and dunes. This island, which is connected to the mainland by two suspensions bridges, is a favorite vacationing spot for tourists from other countries such as Argentina, Paraguay and Uruguay.</p>\n<p>Image credits: <a href=\"https://www.flickr.com/photos/55953988@N00\">flickr/Otavio Nogueira</a></p>\n<p><a href=\"https://www.touropia.com/islands-in-brazil/\">Original content</a></p>"}},"next":{"node":{"fields":{"slug":"/blog/2018/01/05/ilha-do-mel"},"frontmatter":{"title":"Ilha do Mel","date":"2018-01-05T00:00:00.000Z","author":"touropia.com","category":["Paraná","Sul"],"featured":false,"image":{"childImageSharp":{"fluid":{"src":"/static/c8ac167cebeb850fa9ab7f1dfc163b5d/65498/ilha_do_mel.jpg"}}}},"html":"<p>Its name means Honey Island, and those who have visited Ilha do Mel will tell you that this is, indeed, one very sweet island. Blessed with lovely beaches and dense jungles, Ilha do Mel is perfect for a tranquil escape from the hustle and bustle of everyday life. There are, for example, no cars on this island, so you’ll either have to walk or rent a bike to get around. And its inhabitants are very keen on keeping this island as pristine as possible while also catering to ecotourists. If you decide to visit Ilha do Mel, make sure to check out one of its most popular attractions, the sea cave known as Gruta das Encantadas or Grotto of the Enchanted.</p>\n<p>Image credits: <a href=\"http://www.flickr.com/photos/65827346@N07\">flickr/Mandeandrade</a></p>\n<p><a href=\"https://www.touropia.com/islands-in-brazil/\">Original content</a></p>"}}}}