{"data":{"allMarkdownRemark":{"edges":[{"node":{"fields":{"slug":"/blog/2018/01/07/florianopolis"},"frontmatter":{"title":"Florianópolis","date":"2018-01-07T00:00:00.000Z","author":"touropia.com","category":["Santa Catarina","Sul","Favorite"],"description":null,"image":{"childImageSharp":{"fluid":{"src":"/static/9dd7f39ba86151cadd03a967c9253321/65498/ilha_de_santa_catarina.jpg"}}}}}},{"node":{"fields":{"slug":"/blog/2018/01/06/ilhabela"},"frontmatter":{"title":"Ilhabela","date":"2018-01-06T00:00:00.000Z","author":"touropia.com","category":["São Paulo","Sudeste"],"description":null,"image":{"childImageSharp":{"fluid":{"src":"/static/a005b1825072c579dec581dd698e79de/65498/ilhabela.jpg"}}}}}},{"node":{"fields":{"slug":"/blog/2018/01/05/ilha-do-mel"},"frontmatter":{"title":"Ilha do Mel","date":"2018-01-05T00:00:00.000Z","author":"touropia.com","category":["Paraná","Sul"],"description":null,"image":{"childImageSharp":{"fluid":{"src":"/static/c8ac167cebeb850fa9ab7f1dfc163b5d/65498/ilha_do_mel.jpg"}}}}}},{"node":{"fields":{"slug":"/blog/2018/01/04/ilha-de-itamaraca"},"frontmatter":{"title":"Ilha do Itamaraca","date":"2018-01-04T00:00:00.000Z","author":"touropia.com","category":["Pernambuco","Nordeste"],"description":null,"image":{"childImageSharp":{"fluid":{"src":"/static/431f9dece849b3aad4f94412caecc8bf/65498/ilha_de_itamaraca.jpg"}}}}}},{"node":{"fields":{"slug":"/blog/2018/01/03/ilha-do-campeche"},"frontmatter":{"title":"Ilha do Campeche","date":"2018-01-03T00:00:00.000Z","author":"touropia.com","category":["Santa Catarina","Sul"],"description":null,"image":{"childImageSharp":{"fluid":{"src":"/static/75b450b8485ce0c78e605d1f858c720e/65498/ilha_do_campeche.jpg"}}}}}},{"node":{"fields":{"slug":"/blog/2018/01/02/ilha-do-marajo"},"frontmatter":{"title":"Ilha do Marajo","date":"2018-01-02T00:00:00.000Z","author":"touropia.com","category":["Pará","Norte"],"description":null,"image":{"childImageSharp":{"fluid":{"src":"/static/f53d241a4f6ac44e7eb0bbe21a59a6dd/65498/ilha_do_marajo.jpg"}}}}}}]}},"pageContext":{"isCreatedByStatefulCreatePages":false,"limit":6,"skip":6,"currentPage":2,"numPages":3}}