{"data":{"markdownRemark":null},"pageContext":{"isCreatedByStatefulCreatePages":false,"slug":"/blog/2018/01/08/ilha-de-tinhare","prev":{"node":{"fields":{"slug":"/blog/2018/01/09/ilha-grande"},"frontmatter":{"title":"Ilha Grande","date":"2018-01-09T00:00:00.000Z","author":"touropia.com","category":["Rio de Janeiro","Sudeste"],"featured":false,"image":{"childImageSharp":{"fluid":{"src":null}}}},"html":"<p>If you’re looking for an island that has remained largely undeveloped, consider visiting Ilha Grande, which is located approximately 160 km (100 miles) from Rio de Janeiro. Over the years, this island has been used for some interesting purposes. It was once a leper colony, and for more than 90 years it was also a prison that housed some of Brazil’s worst criminals. But once the prison shut down in 1994, it started to attract tourists, who are drawn to this island by its beautiful beaches and amazing rain forests. And because Ilha Grande is a nature preserve, it is home to incredible wildlife, including monkeys, parrots, iguanas and capybaras.</p>\n<p>Image credits: <a href=\"https://www.touropia.com/islands-in-brazil/\">touropia.com</a></p>\n<p><a href=\"https://www.touropia.com/islands-in-brazil/\">Original content</a></p>"}},"next":{"node":{"fields":{"slug":"/blog/2018/01/07/florianopolis"},"frontmatter":{"title":"Florianópolis","date":"2018-01-07T00:00:00.000Z","author":"touropia.com","category":["Santa Catarina","Sul","Favorite"],"featured":false,"image":{"childImageSharp":{"fluid":{"src":"/static/9dd7f39ba86151cadd03a967c9253321/65498/ilha_de_santa_catarina.jpg"}}}},"html":"<p>This island offers a lot of variety in a relatively small space. On Ilha de Santa Catarina, you will find Florianopolis, the capital of the state of Santa Catarina. This city is known for its exciting nightlife and boasts a historic downtown area. Ilha de Santa Catarina is also home to many gorgeous beaches, including Joaquina Beach, a popular surfing hot spot. In addition to its beaches, Ilha de Santa Catarina also boasts beautiful Brazilian pine tree forests, lakes and dunes. This island, which is connected to the mainland by two suspensions bridges, is a favorite vacationing spot for tourists from other countries such as Argentina, Paraguay and Uruguay.</p>\n<p>Image credits: <a href=\"https://www.flickr.com/photos/55953988@N00\">flickr/Otavio Nogueira</a></p>\n<p><a href=\"https://www.touropia.com/islands-in-brazil/\">Original content</a></p>"}}}}