{"data":{"allMarkdownRemark":{"edges":[{"node":{"fields":{"slug":"/blog/2018/02/12/types_of_software_testing"},"frontmatter":{"title":"Types of software testing","date":"2018-02-12T00:00:00.000Z","author":"touropia.com","category":["Movable Type","Johannes Gutenberg"],"image":{"childImageSharp":{"fluid":{"src":"/static/e44069ecb39e7aad181e07fbf03a9f93/e574f/software_testing_types.png"}}}}}}]}},"pageContext":{"isCreatedByStatefulCreatePages":false,"allAuthors":["none.com","touropia.com"],"author":"touropia.com","limit":6,"skip":0,"currentPage":1,"numPages":1}}