{"data":{"markdownRemark":null},"pageContext":{"isCreatedByStatefulCreatePages":false,"slug":"/blog/2018/01/03/ilha-do-campeche","prev":{"node":{"fields":{"slug":"/blog/2018/01/04/ilha-de-itamaraca"},"frontmatter":{"title":"Ilha do Itamaraca","date":"2018-01-04T00:00:00.000Z","author":"touropia.com","category":["Pernambuco","Nordeste"],"featured":false,"image":{"childImageSharp":{"fluid":{"src":"/static/431f9dece849b3aad4f94412caecc8bf/65498/ilha_de_itamaraca.jpg"}}}},"html":"<p>Located off of the coast of Pernambuco, Ilha de Itamaraca is a popular tourist destination, especially with residents of the nearby cities of Recife and Olinda. This charming island boasts a number of pretty beaches and historical sites, including Fort Orange, which was built by the Dutch in 1631. And if you love watersports, you’ll find plenty to do on Ilha de Itamaraca. You could, for instance, explore the mangroves on a kayak, learn how to kitesurf, go jet skiing or simply enjoy swimming in the warm waters that surround this island. Also on the island is a Manatee Preservation Center, which is an especially popular attraction for animal lovers and children.</p>\n<p>Image credits: <a href=\"https://www.flickr.com/photos/soldon\">flickr/Rodrigo Soldon</a></p>\n<p><a href=\"https://www.touropia.com/islands-in-brazil/\">Original content</a></p>"}},"next":{"node":{"fields":{"slug":"/blog/2018/01/02/ilha-do-marajo"},"frontmatter":{"title":"Ilha do Marajo","date":"2018-01-02T00:00:00.000Z","author":"touropia.com","category":["Pará","Norte"],"featured":false,"image":{"childImageSharp":{"fluid":{"src":"/static/f53d241a4f6ac44e7eb0bbe21a59a6dd/65498/ilha_do_marajo.jpg"}}}},"html":"<p>Ilha do Marajo is one of Brazil’s most unique islands. For one thing, it is not located in the ocean, but can be found at the mouth of the Amazon River. It is also very large, about the size of Switzerland. Ilha do Marajo is, in fact, the largest fluvial island in the world. This island is also famous for its tidal bore waves, which occur in the river and can be as high as 4 meters (13 feet). Ilha do Marajo is also home to thousands of birds, including herons and stunning scarlet ibis. The pace on this island is slow and relaxed. Don’t be surprised, for example, to find water buffalo wandering its streets. So if you’re searching for a quiet vacation in a natural setting, this island would make the perfect getaway.</p>\n<p>Image credits: <a href=\"http://www.flickr.com/photos/celsoabreu\">flickr/Celso Abreu</a></p>\n<p><a href=\"https://www.touropia.com/islands-in-brazil/\">Original content</a></p>"}}}}