{"data":{"allMarkdownRemark":{"edges":[{"node":{"fields":{"slug":"/blog/2018/06/25/introduction-to-apache-jmeter-guide"},"frontmatter":{"title":"Introduction to Apache JMeter - A Quick guide","date":"2018-06-25T00:00:00.000Z","author":"Vibhor.com","category":["Load Testing","Performance testing","JMeter"],"description":"Introduction to Apache JMeter - A Quick guide","image":{"childImageSharp":{"fluid":{"src":"/static/ff4de06c5b2b5153a891136df76856c4/b650d/introduction-to-apache-jmeter-aquick-guide.jpg"}}}}}},{"node":{"fields":{"slug":"/blog/2018/05/23/types-of-software-testing"},"frontmatter":{"title":"Types of software testing","date":"2018-05-23T00:00:00.000Z","author":"touropia.com","category":["Guide","Performance testing"],"description":"Johannes Gensfleisch zur Laden zum Gutenberg (c. 1398 – 1468) was a German blacksmith, goldsmith, printer,","image":{"childImageSharp":{"fluid":{"src":"/static/e44069ecb39e7aad181e07fbf03a9f93/e574f/software_testing_types.png"}}}}}},{"node":{"fields":{"slug":"/blog/2018/05/14/what-is-har"},"frontmatter":{"title":"What is HAR?","date":"2018-05-14T00:00:00.000Z","author":"Vibhor.com","category":["Performance testing"],"description":"An over view of HAR(HTTP Archive format) and how it helps in providing additional...","image":{"childImageSharp":{"fluid":{"src":"/static/0863fb3f4d2569c9ea98b2eda0b32749/b650d/what-is-har.jpg"}}}}}},{"node":{"fields":{"slug":"/blog/2018/04/26/types-of-performance-testing"},"frontmatter":{"title":"Types of Performance Testing","date":"2018-04-26T00:00:00.000Z","author":"Vibhor.com","category":["Performance testing"],"description":"Introduction to Apache JMeter - A Quick guide","image":{"childImageSharp":{"fluid":{"src":"/static/2960934889625087fab3f0669021ad63/b650d/types-of-performance-testing.jpg"}}}}}},{"node":{"fields":{"slug":"/blog/2018/04/14/how-website-speed-impacts-businesses"},"frontmatter":{"title":"How Website Speed Impacts Businesses?","date":"2018-04-14T00:00:00.000Z","author":"Vibhor.com","category":["Load Testing","Performance testing","Best Practices"],"description":"See how your website/mobile app can impact your business with and without...","image":{"childImageSharp":{"fluid":{"src":"/static/d2e8622c897e4df0d9f438d9e8c1c432/b650d/how-website-speed-impacts-businesses.jpg"}}}}}},{"node":{"fields":{"slug":"/blog/2018/03/25/how-to-distribute-user-load-in-the-test-plan-in-jmeter"},"frontmatter":{"title":"JMeter - How To Distribute User Load In The Test Plan?","date":"2018-03-25T00:00:00.000Z","author":"Vibhor.com","category":["Load Testing","Performance testing","Best Practices","JMeter"],"description":"An easy guide to know how to divide the user's ratio according to various user scenario flows","image":{"childImageSharp":{"fluid":{"src":"/static/a8a308a90d3e65bcbd1fd6b8d05b5579/18f3e/jmeter-how-to-distribute-user-load-in-the-test-plan.png"}}}}}}]}},"pageContext":{"isCreatedByStatefulCreatePages":false,"limit":6,"skip":18,"currentPage":4,"numPages":7}}