{"data":{"markdownRemark":{"html":"<div class=\"entry-content\">\n<p class=\"blog-content\">\nWhat happens when too many unexpected users hit your application and your server(s) are not ready\nfor that huge load. This results in downtime of your application, downtime which undoubtedly means\nhuge loss to your business.\n</p>\n<p class=\"blog-content\">The above graph illustrates that as the user load on the application increased more than the application\ncould handle, response time also increased heavily, application throughput came down all of a sudden\nand the /resources got fully saturated resulting in application downtime.</p>\n<p class=\"blog-content\">Just understand, the end users will not wait more than 2 seconds if the application (web/mobile) takes\ntime to respond. They will immediately choose an alternative; it can be your competitor.</p>\n<p class=\"blog-content\">To avoid this situation for your business solutions, it's always recommended to seek various perform performance testing tools and check the application with the expected or peak load. Few important factors to consider are:</p>\n<ul class=\"blog-content\">\n<li>Check how well does the application scale?</li>\n<li>Will it be able to handle the expected/ peak load with respective SLA?</li>\n<li>Check where does the application break?</li>\n<li>And are the /resources sufficient to handle the peak load?</li>\n</ul>\n<p class=\"blog-content\">Know <a href=\"https://www.frugaltesting.com/blog/jmeter-how-to-distribute-user-load-in-the-test-plan\">how to distribute user load on a test plan </a> using a throughput controller.</p>\n<p class=\"blog-content\">To mimic this behaviour in a load test script, we use Throughput Controller which controls how often\na particular scenario should be executed. And the controller contains 2 modes:</p>\n<p class=\"blog-content\">So, load test your application with <a href=\"https://www.frugaltesting.com\"> FrugalTesting </a>which will help in scaling up your application under various\nload conditions. This will boost your confidence that the application is capable to handle the load\nconditions before going LIVE.</p>\n</div>","frontmatter":{"title":"Impact Of Heavy User Load On Your Applications Performance","date":"March 09, 2018","author":"Vibhor.com","category":["Load Testing","Performance testing","Best Practices"],"description":"Are you ready if a huge number of users access your application at the same time?","image":{"childImageSharp":{"fluid":{"src":"/static/3a1443da63fe47d4114123f610393830/ae57a/impact-Of-heavy-user-load-on-your-application-performances.jpg"}}}}}},"pageContext":{"isCreatedByStatefulCreatePages":false,"slug":"/blog/2018/03/09/impact-of-heavy-user-load-on-your-application-performances","prev":{"node":{"fields":{"slug":"/blog/2018/03/25/how-to-distribute-user-load-in-the-test-plan-in-jmeter"},"frontmatter":{"title":"JMeter - How To Distribute User Load In The Test Plan?","date":"2018-03-25T00:00:00.000Z","author":"Vibhor.com","category":["Load Testing","Performance testing","Best Practices","JMeter"],"featured":false,"image":{"childImageSharp":{"fluid":{"src":"/static/a8a308a90d3e65bcbd1fd6b8d05b5579/18f3e/jmeter-how-to-distribute-user-load-in-the-test-plan.png"}}}},"html":"<div class=\"entry-content\">\n<p class=\"blog-content\">\nYou might have encountered this situation where not all users would do a particular scenario all the\ntime. Let's consider an e-commerce application, having major scenarios as user <b> login, search,\nbrowsing </b> the application by anonymous user, product <b> adding to cart</b> and <b>buying</b> the product. Say\nfor example:\n</p>\n<ul class=\"blog-content\">\n<li>40% of authenticated users login to website</li>\n<li>30% of anonymous users browsing the website</li>\n<li>20% of users doing search</li>\n<li>9% of users adding product to the cart</li>\n<li>And 1% of all users actually buying the product</li>\n</ul>\n<p class=\"blog-content\">To mimic this behaviour in a load test script, we use Throughput Controller which controls how often\na particular scenario should be executed. And the controller contains 2 modes:</p>\n<ul class=\"blog-content\">\n<li>Percent Executions</li>\n<li>Total Executions</li>\n</ul>\n<p class=\"blog-content\">Now we will see how these 2 modes can be executed in Test Plan:</p>\n<p class=\"blog-content\">Consider 100 users/threads to be run. <b>Percent Executions</b> mode commands the controller to\nexecute a certain percentage of the iterations through the test plan as defined in Throughput\ntextbox shown below:</p>\n<div style=\"width:88%; margin-top:20px; margin-bottom:20px;padding:20px; box-shadow:0 0 10px rgba(0,0,0,0.1)\">\n<img class=\"main-img img-responsive\" style=\"\" src=\"/resources/images/jmeter-how-to-distribute-user-load-in-the-test-plan/percentage.png\" alt=\"FrugalTesting blog on distributed user load in jmeter\">\n</div>\n<p class=\"blog-content\">As you can see below, after execution of the Test Plan, the samplers have executed according to the frequency (throughput) set in each request.</p>\n<div style=\"width:88%; margin-top:20px; margin-bottom:20px;padding:20px; box-shadow:0 0 10px rgba(0,0,0,0.1)\">\n<img class=\"main-img img-responsive\" style=\"\" src=\"/resources/images/jmeter-how-to-distribute-user-load-in-the-test-plan/frequency.png\" alt=\"FrugalTesting blog on distributed user load in jmeter\">\n</div>\n<p class=\"blog-content\"><b>Total Executions</b> mode commands the controller to stop executing after a certain number of\niterations have completed as given by Throughput textbox shown below.</p>\n<div style=\"width:88%; margin-top:20px; margin-bottom:20px;padding:20px; box-shadow:0 0 10px rgba(0,0,0,0.1)\">\n<img class=\"main-img img-responsive\" style=\"\" src=\"/resources/images/jmeter-how-to-distribute-user-load-in-the-test-plan/totalexecution.png\" alt=\"FrugalTesting blog on distributed user load in jmeter\">\n</div>\n<p class=\"blog-content\">As you can see below, the samplers have executed as per the limit defined in <b> Total Executions,</b>\ninstead of all requests hitting with 100 users.</p>\n<div style=\"width:88%; margin-top:20px; margin-bottom:20px;padding:20px; box-shadow:0 0 10px rgba(0,0,0,0.1)\">\n<img class=\"main-img img-responsive\" style=\"\" src=\"/resources/images/jmeter-how-to-distribute-user-load-in-the-test-plan/perusers.png\" alt=\"FrugalTesting blog on distributed user load in jmeter\">\n</div>\n<p class=\"blog-content\">If<b> Per User </b> checkbox is checked, the controller executes per user/thread basis. If unchecked, then\nthe calculation will be global for all users.</p>\n<p class=\"blog-content\">Letâ€™s understand with an example, the <b> Per User</b> case. Say our test configuration is 100 users and the\nduration of test plan is 300secs.</p>\n<div style=\"width:88%; margin-top:20px; margin-bottom:20px;padding:20px; box-shadow:0 0 10px rgba(0,0,0,0.1)\">\n<img class=\"main-img img-responsive\" style=\"\" src=\"/resources/images/jmeter-how-to-distribute-user-load-in-the-test-plan/peruser1.png\" alt=\"FrugalTesting blog on distributed user load in jmeter\">\n</div>\n<p class=\"blog-content\">Letâ€™s use total execution mode and check <b>Per User.</b></p>\n<div style=\"width:88%; margin-top:20px; margin-bottom:20px;padding:20px; box-shadow:0 0 10px rgba(0,0,0,0.1)\">\n<img class=\"main-img img-responsive\" style=\"\" src=\"/resources/images/jmeter-how-to-distribute-user-load-in-the-test-plan/user.png\" alt=\"FrugalTesting blog on distributed user load in jmeter\">\n</div>\n<p class=\"blog-content\">As you can see, the total number of executions is equal to the number of users times the number\ngiven for throughput.</p>\n<div style=\"width:88%; margin-top:20px; margin-bottom:20px;padding:20px; box-shadow:0 0 10px rgba(0,0,0,0.1)\">\n<img class=\"main-img img-responsive\" style=\"\" src=\"/resources/images/jmeter-how-to-distribute-user-load-in-the-test-plan/sample.png\" alt=\"FrugalTesting blog on distributed user load in jmeter\">\n</div>\n</div>"}},"next":{"node":{"fields":{"slug":"/blog/2018/02/19/how-to-use-selenium-ide-script-for-performance-testing-in-jmeter"},"frontmatter":{"title":"JMeter - How to use Selenium IDE script for performance testing?","date":"2018-02-19T00:00:00.000Z","author":"Vibhor.com","category":["JMeter","Performance testing","Best Practices","Selenium"],"featured":false,"image":{"childImageSharp":{"fluid":{"src":"/static/cb6b71def2dc6ba7a9f2ed52af226237/b650d/jmeter-how-to-use-selenium-ide-script-for-performance-testing.jpg"}}}},"html":"<div class=\"entry-content\">\n<h4 class=\"blog-subtitle\">Steps</h4>\n<ol class=\"blog-content\">\n<li>Capture the actions or functional flow in Selenium IDE.</li>\n<li>Now, change the proxy of Firefox to some port say 9090.</li>\n<li>Start JMeter and set the port in HTTP proxy Server of JMeter same as set in Step2 (say 9090).</li>\n<li>Start the HTTP(S) Test Script Recorder in JMeter.</li>\n<li>Now, run the Selenium IDE script which we have captured before.</li>\n<li>After finish of script run in the IDE, check JMeter.</li>\n</ol>\n<p class=\"blog-content\">Now you will see that traffic has been captured.</p>\n<h4 class=\"blog-subtitle\">Notes</h4>\n<ul class=\"blog-content\">\n<li>When we do the above procedure, all the actions (like homepage, login page, and search page) will be recorded under one transaction controller which we need to modify later according to our requirement.</li>\n<li>When we start the HTTP proxy Server in JMeter, all the css, js, images etc. will also get recorded.</li>\n</ul>\n</div>"}}}}