{"data":{"markdownRemark":{"html":"<p>Its name means Honey Island, and those who have visited Ilha do Mel will tell you that this is, indeed, one very sweet island. Blessed with lovely beaches and dense jungles, Ilha do Mel is perfect for a tranquil escape from the hustle and bustle of everyday life. There are, for example, no cars on this island, so you’ll either have to walk or rent a bike to get around. And its inhabitants are very keen on keeping this island as pristine as possible while also catering to ecotourists. If you decide to visit Ilha do Mel, make sure to check out one of its most popular attractions, the sea cave known as Gruta das Encantadas or Grotto of the Enchanted.</p>\n<p>Image credits: <a href=\"http://www.flickr.com/photos/65827346@N07\">flickr/Mandeandrade</a></p>\n<p><a href=\"https://www.touropia.com/islands-in-brazil/\">Original content</a></p>","frontmatter":{"title":"Ilha do Mel","date":"January 05, 2018","author":"touropia.com","category":["Paraná","Sul"],"description":null,"image":{"childImageSharp":{"fluid":{"src":"/static/c8ac167cebeb850fa9ab7f1dfc163b5d/65498/ilha_do_mel.jpg"}}}}}},"pageContext":{"isCreatedByStatefulCreatePages":false,"slug":"/blog/2018/01/05/ilha-do-mel","prev":{"node":{"fields":{"slug":"/blog/2018/02/12/types_of_software_testing"},"frontmatter":{"title":"Types of software testing","date":"2018-02-12T00:00:00.000Z","author":"touropia.com","category":["Movable Type","Johannes Gutenberg"],"featured":false,"image":{"childImageSharp":{"fluid":{"src":"/static/e44069ecb39e7aad181e07fbf03a9f93/e574f/software_testing_types.png"}}}},"html":"<p>Software Testing has been the buzzword in the software industry for a\nlong time. Even after years of upgradation in the technological\nartillery, it still is on the go-to list of all testers. Software\ntesting is a broad term that encompasses various software testing types.\nSo what exactly amounts to Software Testing? Why is it required? What\nare different software testing types? Let's go ahead and explore the\nrealms of Software Testing.</p>\n<p><strong>WHAT IS SOFTWARE TESTING?</strong><br>\nSoftware testing is characterized as an action to check whether the\nreal outcomes coordinate the normal outcomes and to guarantee that the\nproduct framework is sans defect. It includes execution of a product\npart or framework segment to assess one or more properties of interest.</p>\n<p><strong>WHY IS SOFTWARE TESTING REQUIRED?</strong></p>\n<p>This is where Software Testing comes in to save the day. In today's\ndigital economy, software testing, prior to going live is of paramount\nimportance otherwise users experience a buggy product or service. Being\na QA professional, you are always expected to have a quality detector to\nensure quality is top-notch, therefore it is a must that you acquaint\nyourself to software testing types:</p>\n<p><strong>Functional Testing</strong> - To confirm that each capacity of the product\napplication carries on as indicated in the necessity archive. Testing\nevery one of the functionalities by giving fitting contribution to\nconfirm whether the real yield is coordinating the normal yield or not,\nthis comes under the umbrella of Functional Testing.<br>\n<br>\n<strong>Automation Testing</strong> - Automation testing is all about testing the\nproduct, utilizing a computerization instrument to discover the\nimperfections. In this procedure, executing the test contents and\ncreating the outcomes are performed naturally via mechanization tools. <br>\n<br>\n<strong>Agile Testing</strong> -Agile testing is a kind of testing that includes\nfollowing standards of nimble programming improvement technique. In this\ndexterous testing, testing is directed all through the lifecycle of the\nceaselessly developing venture as opposed to being limited to a specific\nstage. <br>\n<br>\n<strong>Security Testing</strong> - Security testing is a procedure to decide if the\nframework ensures information and keeps up usefulness as expected. <br>\n<br>\n<strong>Smoke Testing</strong> - Smoke Testing is done to ensure if the construct we\ngot from the advancement group is testable or not. It is additionally\ncalled as \"Day 0\" check. It is done at the \"manufacture level\". It\nencourages not to squander the testing time to just testing the entire\napplication when the key highlights don't work or the key bugs have not\nbeen fixed yet.<br>\n<br>\nTo know more about software testing types, <a href=\"https://www.softwaretestingmaterial.com/types-of-software-testing/\">click\nhere</a>.</p>"}},"next":{"node":{"fields":{"slug":"/blog/2018/01/04/ilha-de-itamaraca"},"frontmatter":{"title":"Ilha do Itamaraca","date":"2018-01-04T00:00:00.000Z","author":"touropia.com","category":["Pernambuco","Nordeste"],"featured":false,"image":{"childImageSharp":{"fluid":{"src":"/static/431f9dece849b3aad4f94412caecc8bf/65498/ilha_de_itamaraca.jpg"}}}},"html":"<p>Located off of the coast of Pernambuco, Ilha de Itamaraca is a popular tourist destination, especially with residents of the nearby cities of Recife and Olinda. This charming island boasts a number of pretty beaches and historical sites, including Fort Orange, which was built by the Dutch in 1631. And if you love watersports, you’ll find plenty to do on Ilha de Itamaraca. You could, for instance, explore the mangroves on a kayak, learn how to kitesurf, go jet skiing or simply enjoy swimming in the warm waters that surround this island. Also on the island is a Manatee Preservation Center, which is an especially popular attraction for animal lovers and children.</p>\n<p>Image credits: <a href=\"https://www.flickr.com/photos/soldon\">flickr/Rodrigo Soldon</a></p>\n<p><a href=\"https://www.touropia.com/islands-in-brazil/\">Original content</a></p>"}}}}