{"data":{"allMarkdownRemark":{"edges":[{"node":{"fields":{"slug":"/blog/2017/08/11/how-apm-helps-to-find-the-bottlenecks-in-your-application-while-doing-load-testing"},"frontmatter":{"title":"How APM helps to find the bottlenecks in Application on Load Testing","date":"2017-08-11T00:00:00.000Z","author":"touropia.com","category":["Load Testing","Performance testing"],"image":{"childImageSharp":{"fluid":{"src":"/static/50d54832633080ded52e8e066f883029/71e10/how-apm-helps-to-find-the-bottlenecks-in-your-application-while-doing-load-testing.png"}}}}}}]}},"pageContext":{"isCreatedByStatefulCreatePages":false,"allAuthors":["none.com","touropia.com","FrugalTesting","frugaltesting.com","Vibhor.com"],"author":"touropia.com","limit":6,"skip":12,"currentPage":3,"numPages":3}}