{"data":{"allMarkdownRemark":{"edges":[{"node":{"fields":{"slug":"/blog/2018/02/12/integration-of-jenkins-with-jmeter"},"frontmatter":{"title":"Integration of Jenkins with JMeter","date":"2018-02-12T00:00:00.000Z","author":"Vibhor.com","category":["Load Testing","Performance testing","Best Practices","JMeter"],"image":{"childImageSharp":{"fluid":{"src":"/static/b672433757a75d967a6ae961f3765d41/b650d/jenkins-jmeter.jpg"}}}}}},{"node":{"fields":{"slug":"/blog/2017/12/10/how-to-perform-distributed-load-testing-in-jmeter"},"frontmatter":{"title":"JMeter - How to perform Distributed Load Testing?","date":"2017-12-10T00:00:00.000Z","author":"Vibhor.com","category":["Load Testing","JMeter","Performance testing","Best Practices","Distributed testing"],"image":{"childImageSharp":{"fluid":{"src":"/static/56426bbea7588868b133e2b8806e863e/18f3e/jmeter-how-to-perform-distributed-load-testing.png"}}}}}},{"node":{"fields":{"slug":"/blog/2017/11/12/how-to-ensure-https-traffic-gets-recorded-from-mobile-application-using-proxy-in-jmeter"},"frontmatter":{"title":"JMeter - How to ensure HTTPS traffic gets recorded from mobile application through proxy?","date":"2017-11-12T00:00:00.000Z","author":"Vibhor.com","category":["Load Testing","Performance testing","Best Practices","JMeter"],"image":{"childImageSharp":{"fluid":{"src":"/static/6ba2ad43961ab26f34e4318397e73a1a/b650d/jmeter-how-to-ensur-https-traffic-gets-recorded-from-mobile-application-through-proxy.jpg"}}}}}},{"node":{"fields":{"slug":"/blog/2017/10/24/how-to-get-child-samples-when-embedded-resource-is-checked-in-jmeter"},"frontmatter":{"title":"JMeter - How to get Child Samples when Embedded resource is checked?","date":"2017-10-24T00:00:00.000Z","author":"Vibhor.com","category":["Load Testing","Performance testing","Best Practices","JMeter"],"image":{"childImageSharp":{"fluid":{"src":"/static/cfdad36afbb90a6438ce3eef97a7a379/b650d/jmeter-how-to-get-child-samples-when-embedded-resource-is-checked.jpg"}}}}}},{"node":{"fields":{"slug":"/blog/2017/10/09/how-to-record-mobile-application-traffic-in-jmeter"},"frontmatter":{"title":"JMeter - How to record Mobile Application traffic?","date":"2017-10-09T00:00:00.000Z","author":"Vibhor.com","category":["Load Testing","Performance testing","JMeter"],"image":{"childImageSharp":{"fluid":{"src":"/static/6f5aacdf0adfbb64f210c10df2d1c079/b650d/jmeter-how-to-record-mobile-application-traffic.jpg"}}}}}}]}},"pageContext":{"isCreatedByStatefulCreatePages":false,"allCategories":["Load testing","Performance testing","JMeter","Guide","Best Practices","Load Testing","Best practices","Performance Testing","Selenium","Distributed testing"],"category":"JMeter","limit":6,"skip":12,"currentPage":3,"numPages":3}}