{"data":{"allMarkdownRemark":{"edges":[{"node":{"fields":{"slug":"/blog/2018/03/09/impact-of-heavy-user-load-on-your-application-performances"},"frontmatter":{"title":"Impact Of Heavy User Load On Your Applications Performance","date":"2018-03-09T00:00:00.000Z","author":"Vibhor.com","category":["Load Testing","Performance testing","Best Practices"],"description":"Are you ready if a huge number of users access your application at the same time?","image":{"childImageSharp":{"fluid":{"src":"/static/3a1443da63fe47d4114123f610393830/ae57a/impact-Of-heavy-user-load-on-your-application-performances.jpg"}}}}}},{"node":{"fields":{"slug":"/blog/2018/02/19/how-to-use-selenium-ide-script-for-performance-testing-in-jmeter"},"frontmatter":{"title":"JMeter - How to use Selenium IDE script for performance testing?","date":"2018-02-19T00:00:00.000Z","author":"Vibhor.com","category":["JMeter","Performance testing","Best Practices","Selenium"],"description":"Learn how can we reuse the Selenium script to prepare performance test scripts.","image":{"childImageSharp":{"fluid":{"src":"/static/cb6b71def2dc6ba7a9f2ed52af226237/b650d/jmeter-how-to-use-selenium-ide-script-for-performance-testing.jpg"}}}}}},{"node":{"fields":{"slug":"/blog/2018/02/12/types_of_software_testing"},"frontmatter":{"title":"Types of software testing","date":"2018-02-12T00:00:00.000Z","author":"touropia.com","category":["Guide","Performance testing"],"description":"Johannes Gensfleisch zur Laden zum Gutenberg (c. 1398 – 1468) was a German blacksmith, goldsmith, printer,","image":{"childImageSharp":{"fluid":{"src":"/static/e44069ecb39e7aad181e07fbf03a9f93/e574f/software_testing_types.png"}}}}}},{"node":{"fields":{"slug":"/blog/2018/02/12/integration-of-jenkins-with-jmeter"},"frontmatter":{"title":"Integration of Jenkins with JMeter","date":"2018-02-12T00:00:00.000Z","author":"Vibhor.com","category":["Load Testing","Performance testing","Best Practices","JMeter"],"description":"Want to integrate your Jenkins CI/ CD tool with JMeter for Performance testing?","image":{"childImageSharp":{"fluid":{"src":"/static/b672433757a75d967a6ae961f3765d41/b650d/jenkins-jmeter.jpg"}}}}}},{"node":{"fields":{"slug":"/blog/2018/01/22/what-makes-performance-testing-indispensable"},"frontmatter":{"title":"What Makes Performance Testing Indispensable?","date":"2018-01-22T00:00:00.000Z","author":"Vibhor.com","category":["Load Testing","Performance testing","Best Practices"],"description":"Learn why performance testing is a must to make your online business more profitable!","image":{"childImageSharp":{"fluid":{"src":"/static/c516381dbc1f66d4a8f005ecbaf32245/b650d/what-makes-performance-testing-indispensable.jpg"}}}}}},{"node":{"fields":{"slug":"/blog/2017/12/10/how-to-perform-distributed-load-testing-in-jmeter"},"frontmatter":{"title":"JMeter - How to perform Distributed Load Testing?","date":"2017-12-10T00:00:00.000Z","author":"Vibhor.com","category":["Load Testing","JMeter","Performance testing","Best Practices","Distributed testing"],"description":"Find out how to achieve Master- Slave configurations in JMeter","image":{"childImageSharp":{"fluid":{"src":"/static/56426bbea7588868b133e2b8806e863e/18f3e/jmeter-how-to-perform-distributed-load-testing.png"}}}}}}]}},"pageContext":{"isCreatedByStatefulCreatePages":false,"limit":6,"skip":24,"currentPage":5,"numPages":7}}