{"data":{"allMarkdownRemark":{"edges":[{"node":{"fields":{"slug":"/blog/2018/10/24/regular-expression-extractor-in-jmeter"},"frontmatter":{"title":"Regular Expression Extractor in JMeter","date":"2018-10-24T00:00:00.000Z","author":"FrugalTesting","category":["JMeter","Load Testing","Best Practices","Performance Testing"],"description":"Learn how can you make your performance test scripts more dynamic with JMeter","image":{"childImageSharp":{"fluid":{"src":"/static/cb1ac71b810f669fce75fe8aaef7d3d6/39a3c/regular-expression-extractor-jmeter.png"}}}}}},{"node":{"fields":{"slug":"/blog/2018/09/12/start-your-first-free-load-test"},"frontmatter":{"title":"Start Your First FREE Load Test with FrugalTest","date":"2018-09-12T00:00:00.000Z","author":"touropia.com","category":["Load Testing","Performance testing","Best Practices"],"description":"FrugalTest - An easy to use performance testing platform...","image":{"childImageSharp":{"fluid":{"src":"/static/a351f77e9ac365c1da18c2f08d7d391e/b650d/start-your-first-free-load-test-with-frugaltest.jpg"}}}}}},{"node":{"fields":{"slug":"/blog/2018/09/09/guide-to-ip-spoofing-fo-load-testing-in-jmeter"},"frontmatter":{"title":"IP Spoofing For Load Testing in JMeter","date":"2018-09-09T00:00:00.000Z","author":"none.com","category":["Best practices","Load testing","JMeter"],"description":"Want to load your Application logs with multiple ips during the load test? Check it out now","image":{"childImageSharp":{"fluid":{"src":"/static/a731428161714ac2481422a62aa1cee8/65498/ip_spoofing.jpg"}}}}}},{"node":{"fields":{"slug":"/blog/2018/08/13/frugaltest-load-distribution-across-region"},"frontmatter":{"title":"FrugalTesting - Load Distribution Across Regions","date":"2018-08-13T00:00:00.000Z","author":"frugaltesting.com","category":["Load Testing","Performance testing","Best Practices"],"description":"Find out how FrugalTest can assess your application's performance","image":{"childImageSharp":{"fluid":{"src":"/static/4206f6117748bde9f2a5d8b0f76577a0/18f3e/frugaltest-load-distribution-across-region.png"}}}}}},{"node":{"fields":{"slug":"/blog/2018/07/11/how-to-build-a-realistic-test-plan-in-jmeter"},"frontmatter":{"title":"JMeter - How to build a Realistic Test Plan?","date":"2018-07-11T00:00:00.000Z","author":"touropia.com","category":["Load Testing","Performance testing","Best Practices","JMeter"],"description":"Make your performance test scripts more realistic to achieve your performance goals. ","image":{"childImageSharp":{"fluid":{"src":"/static/21968fdc9a6467b57e519fc795f6bda9/b650d/jmeter-how-to-build-a-realistic-test-plan.jpg"}}}}}},{"node":{"fields":{"slug":"/blog/2018/06/25/how-to-handle-ssl-handshake-exception-in-jmeter"},"frontmatter":{"title":"JMeter - How to handle SSL Handshake Exception?","date":"2018-06-25T00:00:00.000Z","author":"touropia.com","category":["Load Testing","Performance testing","Best Practices","JMeter"],"description":"Know how to handle the handshake exception while executing your JMX test scripts.","image":{"childImageSharp":{"fluid":{"src":"/static/19a07ab30e7a313f4a3e1a70d345b4d3/b650d/jmeter-how-to-handle-ssl-handshake-exception.jpg"}}}}}}]}},"pageContext":{"isCreatedByStatefulCreatePages":false,"limit":6,"skip":12,"currentPage":3,"numPages":7}}