{"data":{"allMarkdownRemark":{"edges":[{"node":{"fields":{"slug":"/blog/2019/10/23/whats-new-in-jmeter"},"frontmatter":{"title":"What's new in Jmeter","date":"2019-10-23T00:00:00.000Z","author":"none.com","category":["Load testing","Performance testing","JMeter"],"description":"Check out some of the improvements and additions in the new version of JMeter 5.0","image":{"childImageSharp":{"fluid":{"src":"/static/f67590e4090afb73067bdf02b33f79c5/ceab1/new_in_jmeter.png"}}}}}},{"node":{"fields":{"slug":"/blog/2019/06/19/how-to-perform-indexing-in-dbms/how-to-perform-indexing"},"frontmatter":{"title":"How to perform indexing in DBMS","date":"2019-06-19T00:00:00.000Z","author":"none.com","category":["Guide","Best Practices"],"description":"What is indexing in DBMS? what are the ways to perform indexing?","image":{"childImageSharp":{"fluid":{"src":"/static/ec861476be8298d9d28f7614f59f2f96/65498/indexing-in-dbms-main.jpg"}}}}}},{"node":{"fields":{"slug":"/blog/2019/06/12/top-5-open-source-load-testing-tools"},"frontmatter":{"title":"Top 5 Open Source Load Testing Tools","date":"2019-06-12T00:00:00.000Z","author":"none.com","category":["Load testing","Performance testing","Best Practices"],"description":"We give you a brief about top 5 load testing tools in the market.","image":{"childImageSharp":{"fluid":{"src":"/static/3e65d63a59ca9a5a7f792bd8818d54e2/08739/load-testing-tools.jpg"}}}}}},{"node":{"fields":{"slug":"/blog/2019/06/11/differences-between-appium-and-espresso"},"frontmatter":{"title":"Appium vs Espresso","date":"2019-06-11T00:00:00.000Z","author":"touropia.com","category":["Load Testing","Performance testing","Best Practices"],"description":"What is appium? What is espresso? This blog provides you a brief about Appium...","image":{"childImageSharp":{"fluid":{"src":"/static/d3b02e48da887628f06b7b3f0b779f61/2469f/appium-vs-espresso.png"}}}}}},{"node":{"fields":{"slug":"/blog/2019/06/11/validation-vs-verification"},"frontmatter":{"title":"Validation vs Verification Differences","date":"2019-06-11T00:00:00.000Z","author":"touropia.com","category":["Load Testing","Performance testing","Best Practices"],"description":"What is appium? What is espresso? This blog provides you a brief about Appium...","image":{"childImageSharp":{"fluid":{"src":"/static/6ae5639294a72fa0180125d9ab544bf6/2469f/validation-vs-verification-main.png"}}}}}},{"node":{"fields":{"slug":"/blog/2019/06/10/how-to-install-jenkins-guide"},"frontmatter":{"title":"[Guide] - How to install Jenkins","date":"2019-06-10T00:00:00.000Z","author":"touropia.com","category":["Load Testing","Performance testing","Best Practices"],"description":"What is jenkins? we give you a complete guide on how to install jenkins...","image":{"childImageSharp":{"fluid":{"src":"/static/9cfa9988f1a9d7e9825540c7ea6bb687/65498/how-to-install-jenkings-guide.jpg"}}}}}},{"node":{"fields":{"slug":"/blog/2019/06/10/performance-testing-vs-stress-testing-vs-load-testing"},"frontmatter":{"title":"Performance Testing vs Stress Testing vs Load Testing","date":"2019-06-10T00:00:00.000Z","author":"touropia.com","category":["Load Testing","Performance testing","Best Practices"],"description":"What is performance testing?, stress testing? and load testing?","image":{"childImageSharp":{"fluid":{"src":"/static/6a1fd6d897553f042252491569719294/65498/performance-vs-stress-vs-load-testing.jpg"}}}}}},{"node":{"fields":{"slug":"/blog/2019/06/10/top-10-benefits-of-automation-testing"},"frontmatter":{"title":"Top 10 benefits of Automation Testing","date":"2019-06-10T00:00:00.000Z","author":"touropia.com","category":["Load Testing","Performance testing","Best Practices"],"description":"What are the benefits of automation testing?","image":{"childImageSharp":{"fluid":{"src":"/static/272742d8602601a5fdc8ae3ffe6f4f11/65498/top-10-automation-benefits.jpg"}}}}}},{"node":{"fields":{"slug":"/blog/2019/06/05/6-best-cross-browser-compatability-testing-tools-in-2019"},"frontmatter":{"title":"6 Best Cross Browser Compatibility Testing Tools","date":"2019-06-05T00:00:00.000Z","author":"touropia.com","category":["Load Testing","Performance testing","Best Practices"],"description":"What are the best cross browser compatibility testing tools? Here is a...","image":{"childImageSharp":{"fluid":{"src":"/static/01a647a4cdf14e710f592faec83f7a46/3e5a0/cross-browser-compatibility.png"}}}}}},{"node":{"fields":{"slug":"/blog/2019/06/03/top-5-android-UI-frameworks-for-automation-testing"},"frontmatter":{"title":"Top 5 Android UI Frameworks for Automation Testing","date":"2019-06-03T00:00:00.000Z","author":"touropia.com","category":["Load Testing","Performance testing","Best Practices","JMeter"],"description":"To exploit the greatest results from your software delivery, your automated tests...","image":{"childImageSharp":{"fluid":{"src":"/static/72d5fa99c922140006d19cfd010c207f/65498/top-5-android-UI-frameworks.jpg"}}}}}},{"node":{"fields":{"slug":"/blog/2018/10/24/regular-expression-extractor-in-jmeter"},"frontmatter":{"title":"Regular Expression Extractor in JMeter","date":"2018-10-24T00:00:00.000Z","author":"FrugalTesting","category":["JMeter","Load Testing","Best Practices","Performance Testing"],"description":"Learn how can you make your performance test scripts more dynamic with JMeter","image":{"childImageSharp":{"fluid":{"src":"/static/cb1ac71b810f669fce75fe8aaef7d3d6/39a3c/regular-expression-extractor-jmeter.png"}}}}}},{"node":{"fields":{"slug":"/blog/2018/09/12/start-your-first-free-load-test"},"frontmatter":{"title":"Start Your First FREE Load Test with FrugalTest","date":"2018-09-12T00:00:00.000Z","author":"touropia.com","category":["Load Testing","Performance testing","Best Practices"],"description":"FrugalTest - An easy to use performance testing platform...","image":{"childImageSharp":{"fluid":{"src":"/static/a351f77e9ac365c1da18c2f08d7d391e/b650d/start-your-first-free-load-test-with-frugaltest.jpg"}}}}}},{"node":{"fields":{"slug":"/blog/2018/09/09/guide-to-ip-spoofing-fo-load-testing-in-jmeter"},"frontmatter":{"title":"IP Spoofing For Load Testing in JMeter","date":"2018-09-09T00:00:00.000Z","author":"none.com","category":["Best practices","Load testing","JMeter"],"description":"Want to load your Application logs with multiple ips during the load test? Check it out now","image":{"childImageSharp":{"fluid":{"src":"/static/a731428161714ac2481422a62aa1cee8/65498/ip_spoofing.jpg"}}}}}},{"node":{"fields":{"slug":"/blog/2018/08/13/frugaltest-load-distribution-across-region"},"frontmatter":{"title":"FrugalTesting - Load Distribution Across Regions","date":"2018-08-13T00:00:00.000Z","author":"frugaltesting.com","category":["Load Testing","Performance testing","Best Practices"],"description":"Find out how FrugalTest can assess your application's performance","image":{"childImageSharp":{"fluid":{"src":"/static/4206f6117748bde9f2a5d8b0f76577a0/18f3e/frugaltest-load-distribution-across-region.png"}}}}}},{"node":{"fields":{"slug":"/blog/2018/07/11/how-to-build-a-realistic-test-plan-in-jmeter"},"frontmatter":{"title":"JMeter - How to build a Realistic Test Plan?","date":"2018-07-11T00:00:00.000Z","author":"touropia.com","category":["Load Testing","Performance testing","Best Practices","JMeter"],"description":"Make your performance test scripts more realistic to achieve your performance goals. ","image":{"childImageSharp":{"fluid":{"src":"/static/21968fdc9a6467b57e519fc795f6bda9/b650d/jmeter-how-to-build-a-realistic-test-plan.jpg"}}}}}},{"node":{"fields":{"slug":"/blog/2018/06/25/how-to-handle-ssl-handshake-exception-in-jmeter"},"frontmatter":{"title":"JMeter - How to handle SSL Handshake Exception?","date":"2018-06-25T00:00:00.000Z","author":"touropia.com","category":["Load Testing","Performance testing","Best Practices","JMeter"],"description":"Know how to handle the handshake exception while executing your JMX test scripts.","image":{"childImageSharp":{"fluid":{"src":"/static/19a07ab30e7a313f4a3e1a70d345b4d3/b650d/jmeter-how-to-handle-ssl-handshake-exception.jpg"}}}}}},{"node":{"fields":{"slug":"/blog/2018/06/25/introduction-to-apache-jmeter-guide"},"frontmatter":{"title":"Introduction to Apache JMeter - A Quick guide","date":"2018-06-25T00:00:00.000Z","author":"Vibhor.com","category":["Load Testing","Performance testing","JMeter"],"description":"Introduction to Apache JMeter - A Quick guide","image":{"childImageSharp":{"fluid":{"src":"/static/ff4de06c5b2b5153a891136df76856c4/b650d/introduction-to-apache-jmeter-aquick-guide.jpg"}}}}}},{"node":{"fields":{"slug":"/blog/2018/05/23/types-of-software-testing"},"frontmatter":{"title":"Types of software testing","date":"2018-05-23T00:00:00.000Z","author":"touropia.com","category":["Guide","Performance testing"],"description":"Johannes Gensfleisch zur Laden zum Gutenberg (c. 1398 – 1468) was a German blacksmith, goldsmith, printer,","image":{"childImageSharp":{"fluid":{"src":"/static/e44069ecb39e7aad181e07fbf03a9f93/e574f/software_testing_types.png"}}}}}},{"node":{"fields":{"slug":"/blog/2018/05/14/what-is-har"},"frontmatter":{"title":"What is HAR?","date":"2018-05-14T00:00:00.000Z","author":"Vibhor.com","category":["Performance testing"],"description":"An over view of HAR(HTTP Archive format) and how it helps in providing additional...","image":{"childImageSharp":{"fluid":{"src":"/static/0863fb3f4d2569c9ea98b2eda0b32749/b650d/what-is-har.jpg"}}}}}},{"node":{"fields":{"slug":"/blog/2018/04/26/types-of-performance-testing"},"frontmatter":{"title":"Types of Performance Testing","date":"2018-04-26T00:00:00.000Z","author":"Vibhor.com","category":["Performance testing"],"description":"Introduction to Apache JMeter - A Quick guide","image":{"childImageSharp":{"fluid":{"src":"/static/2960934889625087fab3f0669021ad63/b650d/types-of-performance-testing.jpg"}}}}}},{"node":{"fields":{"slug":"/blog/2018/04/14/how-website-speed-impacts-businesses"},"frontmatter":{"title":"How Website Speed Impacts Businesses?","date":"2018-04-14T00:00:00.000Z","author":"Vibhor.com","category":["Load Testing","Performance testing","Best Practices"],"description":"See how your website/mobile app can impact your business with and without...","image":{"childImageSharp":{"fluid":{"src":"/static/d2e8622c897e4df0d9f438d9e8c1c432/b650d/how-website-speed-impacts-businesses.jpg"}}}}}},{"node":{"fields":{"slug":"/blog/2018/03/25/how-to-distribute-user-load-in-the-test-plan-in-jmeter"},"frontmatter":{"title":"JMeter - How To Distribute User Load In The Test Plan?","date":"2018-03-25T00:00:00.000Z","author":"Vibhor.com","category":["Load Testing","Performance testing","Best Practices","JMeter"],"description":"An easy guide to know how to divide the user's ratio according to various user scenario flows","image":{"childImageSharp":{"fluid":{"src":"/static/a8a308a90d3e65bcbd1fd6b8d05b5579/18f3e/jmeter-how-to-distribute-user-load-in-the-test-plan.png"}}}}}},{"node":{"fields":{"slug":"/blog/2018/03/09/impact-of-heavy-user-load-on-your-application-performances"},"frontmatter":{"title":"Impact Of Heavy User Load On Your Applications Performance","date":"2018-03-09T00:00:00.000Z","author":"Vibhor.com","category":["Load Testing","Performance testing","Best Practices"],"description":"Are you ready if a huge number of users access your application at the same time?","image":{"childImageSharp":{"fluid":{"src":"/static/3a1443da63fe47d4114123f610393830/ae57a/impact-Of-heavy-user-load-on-your-application-performances.jpg"}}}}}},{"node":{"fields":{"slug":"/blog/2018/02/19/how-to-use-selenium-ide-script-for-performance-testing-in-jmeter"},"frontmatter":{"title":"JMeter - How to use Selenium IDE script for performance testing?","date":"2018-02-19T00:00:00.000Z","author":"Vibhor.com","category":["JMeter","Performance testing","Best Practices","Selenium"],"description":"Learn how can we reuse the Selenium script to prepare performance test scripts.","image":{"childImageSharp":{"fluid":{"src":"/static/cb6b71def2dc6ba7a9f2ed52af226237/b650d/jmeter-how-to-use-selenium-ide-script-for-performance-testing.jpg"}}}}}},{"node":{"fields":{"slug":"/blog/2018/02/12/integration-of-jenkins-with-jmeter"},"frontmatter":{"title":"Integration of Jenkins with JMeter","date":"2018-02-12T00:00:00.000Z","author":"Vibhor.com","category":["Load Testing","Performance testing","Best Practices","JMeter"],"description":"Want to integrate your Jenkins CI/ CD tool with JMeter for Performance testing?","image":{"childImageSharp":{"fluid":{"src":"/static/b672433757a75d967a6ae961f3765d41/b650d/jenkins-jmeter.jpg"}}}}}},{"node":{"fields":{"slug":"/blog/2018/01/22/what-makes-performance-testing-indispensable"},"frontmatter":{"title":"What Makes Performance Testing Indispensable?","date":"2018-01-22T00:00:00.000Z","author":"Vibhor.com","category":["Load Testing","Performance testing","Best Practices"],"description":"Learn why performance testing is a must to make your online business more profitable!","image":{"childImageSharp":{"fluid":{"src":"/static/c516381dbc1f66d4a8f005ecbaf32245/b650d/what-makes-performance-testing-indispensable.jpg"}}}}}},{"node":{"fields":{"slug":"/blog/2017/12/10/how-to-perform-distributed-load-testing-in-jmeter"},"frontmatter":{"title":"JMeter - How to perform Distributed Load Testing?","date":"2017-12-10T00:00:00.000Z","author":"Vibhor.com","category":["Load Testing","JMeter","Performance testing","Best Practices","Distributed testing"],"description":"Find out how to achieve Master- Slave configurations in JMeter","image":{"childImageSharp":{"fluid":{"src":"/static/56426bbea7588868b133e2b8806e863e/18f3e/jmeter-how-to-perform-distributed-load-testing.png"}}}}}},{"node":{"fields":{"slug":"/blog/2017/11/26/best-sniffing-tools-for-jmeter-tester"},"frontmatter":{"title":"Best Sniffing Tools For JMeter Tester","date":"2017-11-26T00:00:00.000Z","author":"touropia.com","category":["Load Testing","Performance testing","Best Practices"],"description":"Here is an overview on tools which help the JMeter testers","image":{"childImageSharp":{"fluid":{"src":"/static/741022561722fcf4c16741f6a86952aa/18f3e/best-sniffing-tools-for-jmeter-tester.png"}}}}}},{"node":{"fields":{"slug":"/blog/2017/11/12/how-to-ensure-https-traffic-gets-recorded-from-mobile-application-using-proxy-in-jmeter"},"frontmatter":{"title":"JMeter - How to ensure HTTPS traffic gets recorded from mobile application through proxy?","date":"2017-11-12T00:00:00.000Z","author":"Vibhor.com","category":["Load Testing","Performance testing","Best Practices","JMeter"],"description":"Are you still facing the issue of traffic not being recorded?","image":{"childImageSharp":{"fluid":{"src":"/static/6ba2ad43961ab26f34e4318397e73a1a/b650d/jmeter-how-to-ensur-https-traffic-gets-recorded-from-mobile-application-through-proxy.jpg"}}}}}},{"node":{"fields":{"slug":"/blog/2017/10/24/how-to-get-child-samples-when-embedded-resource-is-checked-in-jmeter"},"frontmatter":{"title":"JMeter - How to get Child Samples when Embedded resource is checked?","date":"2017-10-24T00:00:00.000Z","author":"Vibhor.com","category":["Load Testing","Performance testing","Best Practices","JMeter"],"description":"Learn how to check the behaviour of the static /resources for each web page request","image":{"childImageSharp":{"fluid":{"src":"/static/cfdad36afbb90a6438ce3eef97a7a379/b650d/jmeter-how-to-get-child-samples-when-embedded-resource-is-checked.jpg"}}}}}},{"node":{"fields":{"slug":"/blog/2017/10/09/how-to-record-mobile-application-traffic-in-jmeter"},"frontmatter":{"title":"JMeter - How to record Mobile Application traffic?","date":"2017-10-09T00:00:00.000Z","author":"Vibhor.com","category":["Load Testing","Performance testing","JMeter"],"description":"A detailed guide on how to record mobile app traffic using JMeter.","image":{"childImageSharp":{"fluid":{"src":"/static/6f5aacdf0adfbb64f210c10df2d1c079/b650d/jmeter-how-to-record-mobile-application-traffic.jpg"}}}}}},{"node":{"fields":{"slug":"/blog/2017/09/12/how-to-install-java-in-apache-jmeter"},"frontmatter":{"title":"How to Install Java for Apache JMeter","date":"2017-09-12T00:00:00.000Z","author":"Vibhor.com","category":["Load Testing","Performance testing","Best Practices"],"description":"Know how to get started with Apache JMeter Performance testing tool","image":{"childImageSharp":{"fluid":{"src":"/static/4b089692ed5814729d10ae2861bd75f4/de58c/jmeter-java-install.png"}}}}}},{"node":{"fields":{"slug":"/blog/2017/09/12/three-stages-in-a-startup-journey-viewed-from-a-performance-testing-perspective"},"frontmatter":{"title":"The three stages in a startups journey viewed from a performance testing perspective","date":"2017-09-12T00:00:00.000Z","author":"Vibhor.com","category":["Load Testing","Performance testing"],"description":"Know how performance testing can play a big role ","image":{"childImageSharp":{"fluid":{"src":"/static/6c5abc062c969fb6cf43a7eb6f68d9d1/b650d/three-stages-in-a-startup-journey-viewed-from-a-performance-testing-perspective.jpg"}}}}}},{"node":{"fields":{"slug":"/blog/2017/08/11/jmeter-tips-and-tricks-to-make-the-script-more-reliable"},"frontmatter":{"title":"JMeter - Tips And Tricks To Make The Script More Reliable","date":"2017-08-11T00:00:00.000Z","author":"Vibhor.com","category":["Load Testing","Best Practices"],"description":"Here comes everything you need to know to make your JMeter test script more sensible","image":{"childImageSharp":{"fluid":{"src":"/static/7a55f5c13e060b6653f3d0e1d61c7e14/18f3e/jmeter-tips-and-tricks-to-make-the-script-more-reliable.png"}}}}}},{"node":{"fields":{"slug":"/blog/2017/08/11/webdriver-sampler-in-jmeter"},"frontmatter":{"title":"WebDriver Sampler in JMeter","date":"2017-08-11T00:00:00.000Z","author":"Vibhor.com","category":["Load Testing","Best Practices"],"description":"We usually use Apache JMeter for load testing and measure performance but the issue is that JMeter is not a real browser","image":{"childImageSharp":{"fluid":{"src":"/static/ee57172edd8926f3e84be97b7f97df52/01577/webdriver-sampler-in-jmeter.png"}}}}}},{"node":{"fields":{"slug":"/blog/2017/08/11/how-apm-helps-to-find-the-bottlenecks-in-your-application-while-doing-load-testing"},"frontmatter":{"title":"How APM helps to find the bottlenecks in Application on Load Testing","date":"2017-08-11T00:00:00.000Z","author":"touropia.com","category":["Load Testing","Performance testing"],"description":"To find how the system is behaving under certain load conditions, we need an APM...","image":{"childImageSharp":{"fluid":{"src":"/static/50d54832633080ded52e8e066f883029/71e10/how-apm-helps-to-find-the-bottlenecks-in-your-application-while-doing-load-testing.png"}}}}}}]}}}