{"data":{"allMarkdownRemark":{"edges":[{"node":{"fields":{"slug":"/blog/2019/10/23/whats-new-in-jmeter"},"frontmatter":{"title":"What's new in Jmeter","date":"2019-10-23T00:00:00.000Z","author":"none.com","category":["Load testing","Performance testing","JMeter"],"description":"Check out some of the improvements and additions in the new version of JMeter 5.0","image":{"childImageSharp":{"fluid":{"src":"/static/f67590e4090afb73067bdf02b33f79c5/ceab1/new_in_jmeter.png"}}}}}},{"node":{"fields":{"slug":"/blog/2019/06/19/how-to-perform-indexing-in-dbms/how-to-perform-indexing"},"frontmatter":{"title":"How to perform indexing in DBMS","date":"2019-06-19T00:00:00.000Z","author":"none.com","category":["Guide","Best Practices"],"description":"What is indexing in DBMS? what are the ways to perform indexing?","image":{"childImageSharp":{"fluid":{"src":"/static/ec861476be8298d9d28f7614f59f2f96/65498/indexing-in-dbms-main.jpg"}}}}}},{"node":{"fields":{"slug":"/blog/2019/06/12/top-5-open-source-load-testing-tools"},"frontmatter":{"title":"Top 5 Open Source Load Testing Tools","date":"2019-06-12T00:00:00.000Z","author":"none.com","category":["Load testing","Performance testing","Best Practices"],"description":"We give you a brief about top 5 load testing tools in the market.","image":{"childImageSharp":{"fluid":{"src":"/static/3e65d63a59ca9a5a7f792bd8818d54e2/08739/load-testing-tools.jpg"}}}}}},{"node":{"fields":{"slug":"/blog/2019/06/11/differences-between-appium-and-espresso"},"frontmatter":{"title":"Appium vs Espresso","date":"2019-06-11T00:00:00.000Z","author":"touropia.com","category":["Load Testing","Performance testing","Best Practices"],"description":"What is appium? What is espresso? This blog provides you a brief about Appium...","image":{"childImageSharp":{"fluid":{"src":"/static/d3b02e48da887628f06b7b3f0b779f61/2469f/appium-vs-espresso.png"}}}}}},{"node":{"fields":{"slug":"/blog/2019/06/11/validation-vs-verification"},"frontmatter":{"title":"Validation vs Verification Differences","date":"2019-06-11T00:00:00.000Z","author":"touropia.com","category":["Load Testing","Performance testing","Best Practices"],"description":"What is appium? What is espresso? This blog provides you a brief about Appium...","image":{"childImageSharp":{"fluid":{"src":"/static/6ae5639294a72fa0180125d9ab544bf6/2469f/validation-vs-verification-main.png"}}}}}}]}}}